name,RED,GREEN,BLUE
"2018-06-03_10-51-13\bottom_dummyR.bot,\depth_1.25\chl_5.0\cdom_5.0\mineral_1.0\cloud_0.0\suntheta_0.0\windspeed_0.0\temp_10.0\salinity_0.0",57.53092600981366,80.04940429126073,92.87979268063361
"2018-06-03_10-51-13\bottom_dummyR.bot,\depth_1.25\chl_5.0\cdom_5.0\mineral_1.0\cloud_0.0\suntheta_30.0\windspeed_0.0\temp_10.0\salinity_0.0",48.459934460166735,67.54069661928003,79.57667159804896
"2018-06-03_10-51-13\bottom_dummyR.bot,\depth_1.25\chl_5.0\cdom_5.0\mineral_1.0\cloud_1.0\suntheta_0.0\windspeed_0.0\temp_10.0\salinity_0.0",14.043873739889898,19.81149545405297,23.32113109443018
"2018-06-03_10-51-13\bottom_dummyR.bot,\depth_1.25\chl_5.0\cdom_5.0\mineral_1.0\cloud_1.0\suntheta_30.0\windspeed_0.0\temp_10.0\salinity_0.0",12.076810750436634,16.668659619633516,19.48473862210634
"2018-06-03_10-51-13\bottom_dummyR.bot,\depth_1.25\chl_5.0\cdom_5.0\mineral_10.0\cloud_0.0\suntheta_0.0\windspeed_0.0\temp_10.0\salinity_0.0",60.6681076598734,82.07804047766828,89.29640233534077
"2018-06-03_10-51-13\bottom_dummyR.bot,\depth_1.25\chl_5.0\cdom_5.0\mineral_10.0\cloud_0.0\suntheta_30.0\windspeed_0.0\temp_10.0\salinity_0.0",50.14327869470682,67.14215453289918,73.34170988992862
"2018-06-03_10-51-13\bottom_dummyR.bot,\depth_1.25\chl_5.0\cdom_5.0\mineral_10.0\cloud_1.0\suntheta_0.0\windspeed_0.0\temp_10.0\salinity_0.0",13.742913926743642,18.91910854756587,20.43596802454372
"2018-06-03_10-51-13\bottom_dummyR.bot,\depth_1.25\chl_5.0\cdom_5.0\mineral_10.0\cloud_1.0\suntheta_30.0\windspeed_0.0\temp_10.0\salinity_0.0",11.46903090998456,15.805422313023456,17.000665669971063
"2018-06-03_10-51-13\bottom_dummyR.bot,\depth_1.25\chl_5.0\cdom_15.0\mineral_1.0\cloud_0.0\suntheta_0.0\windspeed_0.0\temp_10.0\salinity_0.0",42.41761926492019,61.132624421963435,69.72896866257221
"2018-06-03_10-51-13\bottom_dummyR.bot,\depth_1.25\chl_5.0\cdom_15.0\mineral_1.0\cloud_0.0\suntheta_30.0\windspeed_0.0\temp_10.0\salinity_0.0",33.972663532247395,49.22466257063554,54.98543418272824
"2018-06-03_10-51-13\bottom_dummyR.bot,\depth_1.25\chl_5.0\cdom_15.0\mineral_1.0\cloud_1.0\suntheta_0.0\windspeed_0.0\temp_10.0\salinity_0.0",9.29531327209329,13.748455317329588,15.690688710994106
"2018-06-03_10-51-13\bottom_dummyR.bot,\depth_1.25\chl_5.0\cdom_15.0\mineral_1.0\cloud_1.0\suntheta_30.0\windspeed_0.0\temp_10.0\salinity_0.0",7.795769872026838,11.35610643853518,12.91301133110417
"2018-06-03_10-51-13\bottom_dummyR.bot,\depth_1.25\chl_5.0\cdom_15.0\mineral_10.0\cloud_0.0\suntheta_0.0\windspeed_0.0\temp_10.0\salinity_0.0",35.29373643684372,48.40617465768484,51.15912283072099
"2018-06-03_10-51-13\bottom_dummyR.bot,\depth_1.25\chl_5.0\cdom_15.0\mineral_10.0\cloud_0.0\suntheta_30.0\windspeed_0.0\temp_10.0\salinity_0.0",27.685537785588892,37.94110818317177,40.120609621556156
"2018-06-03_10-51-13\bottom_dummyR.bot,\depth_1.25\chl_5.0\cdom_15.0\mineral_10.0\cloud_1.0\suntheta_0.0\windspeed_0.0\temp_10.0\salinity_0.0",7.410371270394595,10.219558869078,10.784373187189974
"2018-06-03_10-51-13\bottom_dummyR.bot,\depth_1.25\chl_5.0\cdom_15.0\mineral_10.0\cloud_1.0\suntheta_30.0\windspeed_0.0\temp_10.0\salinity_0.0",6.270694285100448,8.369533670859486,8.927059230566606
"2018-06-03_10-51-13\bottom_dummyR.bot,\depth_1.25\chl_50.0\cdom_5.0\mineral_1.0\cloud_0.0\suntheta_0.0\windspeed_0.0\temp_10.0\salinity_0.0",55.499712468444706,73.43031383192623,73.34382663803876
"2018-06-03_10-51-13\bottom_dummyR.bot,\depth_1.25\chl_50.0\cdom_5.0\mineral_1.0\cloud_0.0\suntheta_30.0\windspeed_0.0\temp_10.0\salinity_0.0",46.398220313213024,59.78535519790114,57.998440028915134
"2018-06-03_10-51-13\bottom_dummyR.bot,\depth_1.25\chl_50.0\cdom_5.0\mineral_1.0\cloud_1.0\suntheta_0.0\windspeed_0.0\temp_10.0\salinity_0.0",12.77163222314152,16.551049086719782,16.01198245488729
"2018-06-03_10-51-13\bottom_dummyR.bot,\depth_1.25\chl_50.0\cdom_5.0\mineral_1.0\cloud_1.0\suntheta_30.0\windspeed_0.0\temp_10.0\salinity_0.0",10.508899007504123,13.902115290765513,13.399396887626141
"2018-06-03_10-51-13\bottom_dummyR.bot,\depth_1.25\chl_50.0\cdom_5.0\mineral_10.0\cloud_0.0\suntheta_0.0\windspeed_0.0\temp_10.0\salinity_0.0",50.388879581830246,61.18732715165318,54.995739022982505
"2018-06-03_10-51-13\bottom_dummyR.bot,\depth_1.25\chl_50.0\cdom_5.0\mineral_10.0\cloud_0.0\suntheta_30.0\windspeed_0.0\temp_10.0\salinity_0.0",40.1632087471312,48.24646880569579,42.942986174254926
"2018-06-03_10-51-13\bottom_dummyR.bot,\depth_1.25\chl_50.0\cdom_5.0\mineral_10.0\cloud_1.0\suntheta_0.0\windspeed_0.0\temp_10.0\salinity_0.0",10.93166133279332,13.215669880664496,11.595315727687876
"2018-06-03_10-51-13\bottom_dummyR.bot,\depth_1.25\chl_50.0\cdom_5.0\mineral_10.0\cloud_1.0\suntheta_30.0\windspeed_0.0\temp_10.0\salinity_0.0",9.150176967015156,11.203229306269593,9.798454990220046
"2018-06-03_10-51-13\bottom_dummyR.bot,\depth_1.25\chl_50.0\cdom_15.0\mineral_1.0\cloud_0.0\suntheta_0.0\windspeed_0.0\temp_10.0\salinity_0.0",35.741781007087106,45.11566811600077,43.65024919910341
"2018-06-03_10-51-13\bottom_dummyR.bot,\depth_1.25\chl_50.0\cdom_15.0\mineral_1.0\cloud_0.0\suntheta_30.0\windspeed_0.0\temp_10.0\salinity_0.0",27.815075006367667,34.58568519552956,32.97605551868606
"2018-06-03_10-51-13\bottom_dummyR.bot,\depth_1.25\chl_50.0\cdom_15.0\mineral_1.0\cloud_1.0\suntheta_0.0\windspeed_0.0\temp_10.0\salinity_0.0",7.383412861480937,9.548507170214156,8.891117566857046
"2018-06-03_10-51-13\bottom_dummyR.bot,\depth_1.25\chl_50.0\cdom_15.0\mineral_1.0\cloud_1.0\suntheta_30.0\windspeed_0.0\temp_10.0\salinity_0.0",6.186025611791087,7.915370332957452,7.402556017872987
"2018-06-03_10-51-13\bottom_dummyR.bot,\depth_1.25\chl_50.0\cdom_15.0\mineral_10.0\cloud_0.0\suntheta_0.0\windspeed_0.0\temp_10.0\salinity_0.0",28.2763502387092,33.79517437843948,30.308577191009007
"2018-06-03_10-51-13\bottom_dummyR.bot,\depth_1.25\chl_50.0\cdom_15.0\mineral_10.0\cloud_0.0\suntheta_30.0\windspeed_0.0\temp_10.0\salinity_0.0",21.69755058442456,26.04661221540648,23.018059960247065
"2018-06-03_10-51-13\bottom_dummyR.bot,\depth_1.25\chl_50.0\cdom_15.0\mineral_10.0\cloud_1.0\suntheta_0.0\windspeed_0.0\temp_10.0\salinity_0.0",5.794621844508046,6.785464268643636,6.061137491730923
"2018-06-03_10-51-13\bottom_dummyR.bot,\depth_1.25\chl_50.0\cdom_15.0\mineral_10.0\cloud_1.0\suntheta_30.0\windspeed_0.0\temp_10.0\salinity_0.0",4.855870622631213,5.7711181565745955,5.008752994388858
2018-06-03_10-51-13\bottom_avg_clean_seagrass.txt\depth_1.25\chl_5.0\cdom_5.0\mineral_1.0\cloud_0.0\suntheta_0.0\windspeed_0.0\temp_10.0\salinity_0.0,57.20978690041904,80.53080791036552,95.13575066058588
2018-06-03_10-51-13\bottom_avg_clean_seagrass.txt\depth_1.25\chl_5.0\cdom_5.0\mineral_1.0\cloud_0.0\suntheta_30.0\windspeed_0.0\temp_10.0\salinity_0.0,48.922044636286415,67.28374487248841,78.41313130691147
2018-06-03_10-51-13\bottom_avg_clean_seagrass.txt\depth_1.25\chl_5.0\cdom_5.0\mineral_1.0\cloud_1.0\suntheta_0.0\windspeed_0.0\temp_10.0\salinity_0.0,13.58401545083532,19.62024403470187,22.865816756660152
2018-06-03_10-51-13\bottom_avg_clean_seagrass.txt\depth_1.25\chl_5.0\cdom_5.0\mineral_1.0\cloud_1.0\suntheta_30.0\windspeed_0.0\temp_10.0\salinity_0.0,11.683618628248224,16.623262756601033,19.401083941310137
2018-06-03_10-51-13\bottom_avg_clean_seagrass.txt\depth_1.25\chl_5.0\cdom_5.0\mineral_10.0\cloud_0.0\suntheta_0.0\windspeed_0.0\temp_10.0\salinity_0.0,58.47384301317407,82.4662431600511,91.2945560365555
2018-06-03_10-51-13\bottom_avg_clean_seagrass.txt\depth_1.25\chl_5.0\cdom_5.0\mineral_10.0\cloud_0.0\suntheta_30.0\windspeed_0.0\temp_10.0\salinity_0.0,48.345388382150645,67.54711363546892,73.5050137103077
2018-06-03_10-51-13\bottom_avg_clean_seagrass.txt\depth_1.25\chl_5.0\cdom_5.0\mineral_10.0\cloud_1.0\suntheta_0.0\windspeed_0.0\temp_10.0\salinity_0.0,13.709225855540788,18.843143893061324,20.510724342432557
2018-06-03_10-51-13\bottom_avg_clean_seagrass.txt\depth_1.25\chl_5.0\cdom_5.0\mineral_10.0\cloud_1.0\suntheta_30.0\windspeed_0.0\temp_10.0\salinity_0.0,11.392245943256416,15.937472342376603,17.322709543237043
2018-06-03_10-51-13\bottom_avg_clean_seagrass.txt\depth_1.25\chl_5.0\cdom_15.0\mineral_1.0\cloud_0.0\suntheta_0.0\windspeed_0.0\temp_10.0\salinity_0.0,42.355816281498306,61.573509668847315,69.85108135630394
2018-06-03_10-51-13\bottom_avg_clean_seagrass.txt\depth_1.25\chl_5.0\cdom_15.0\mineral_1.0\cloud_0.0\suntheta_30.0\windspeed_0.0\temp_10.0\salinity_0.0,34.10117826718443,49.48161957931599,55.923044072740964
2018-06-03_10-51-13\bottom_avg_clean_seagrass.txt\depth_1.25\chl_5.0\cdom_15.0\mineral_1.0\cloud_1.0\suntheta_0.0\windspeed_0.0\temp_10.0\salinity_0.0,9.24203112813263,13.342744206877676,15.294270714346863
2018-06-03_10-51-13\bottom_avg_clean_seagrass.txt\depth_1.25\chl_5.0\cdom_15.0\mineral_1.0\cloud_1.0\suntheta_30.0\windspeed_0.0\temp_10.0\salinity_0.0,7.847556669977371,11.401217134777069,13.048824906622071
2018-06-03_10-51-13\bottom_avg_clean_seagrass.txt\depth_1.25\chl_5.0\cdom_15.0\mineral_10.0\cloud_0.0\suntheta_0.0\windspeed_0.0\temp_10.0\salinity_0.0,35.33897373453643,48.3239500799949,51.26814047161134
2018-06-03_10-51-13\bottom_avg_clean_seagrass.txt\depth_1.25\chl_5.0\cdom_15.0\mineral_10.0\cloud_0.0\suntheta_30.0\windspeed_0.0\temp_10.0\salinity_0.0,27.51310137282205,36.79437634876581,39.660789386422024
2018-06-03_10-51-13\bottom_avg_clean_seagrass.txt\depth_1.25\chl_5.0\cdom_15.0\mineral_10.0\cloud_1.0\suntheta_0.0\windspeed_0.0\temp_10.0\salinity_0.0,7.4092637270513535,10.025453675295452,10.622650042502734
2018-06-03_10-51-13\bottom_avg_clean_seagrass.txt\depth_1.25\chl_5.0\cdom_15.0\mineral_10.0\cloud_1.0\suntheta_30.0\windspeed_0.0\temp_10.0\salinity_0.0,6.245996304395173,8.476193447927207,8.978385337392119
2018-06-03_10-51-13\bottom_avg_clean_seagrass.txt\depth_1.25\chl_50.0\cdom_5.0\mineral_1.0\cloud_0.0\suntheta_0.0\windspeed_0.0\temp_10.0\salinity_0.0,54.783895568999775,72.54593469564776,73.1298593602769
2018-06-03_10-51-13\bottom_avg_clean_seagrass.txt\depth_1.25\chl_50.0\cdom_5.0\mineral_1.0\cloud_0.0\suntheta_30.0\windspeed_0.0\temp_10.0\salinity_0.0,44.90011032763834,59.584865540996276,57.82039608090764
2018-06-03_10-51-13\bottom_avg_clean_seagrass.txt\depth_1.25\chl_50.0\cdom_5.0\mineral_1.0\cloud_1.0\suntheta_0.0\windspeed_0.0\temp_10.0\salinity_0.0,12.426688699196472,16.52914144624919,16.060044187024232
2018-06-03_10-51-13\bottom_avg_clean_seagrass.txt\depth_1.25\chl_50.0\cdom_5.0\mineral_1.0\cloud_1.0\suntheta_30.0\windspeed_0.0\temp_10.0\salinity_0.0,10.63679052311165,13.975716697192945,13.554379527124723
2018-06-03_10-51-13\bottom_avg_clean_seagrass.txt\depth_1.25\chl_50.0\cdom_5.0\mineral_10.0\cloud_0.0\suntheta_0.0\windspeed_0.0\temp_10.0\salinity_0.0,49.4487537958471,61.49503517659664,54.768300164582065
2018-06-03_10-51-13\bottom_avg_clean_seagrass.txt\depth_1.25\chl_50.0\cdom_5.0\mineral_10.0\cloud_0.0\suntheta_30.0\windspeed_0.0\temp_10.0\salinity_0.0,40.2531632294537,47.46058033970097,42.29309176488751
2018-06-03_10-51-13\bottom_avg_clean_seagrass.txt\depth_1.25\chl_50.0\cdom_5.0\mineral_10.0\cloud_1.0\suntheta_0.0\windspeed_0.0\temp_10.0\salinity_0.0,10.893223594805187,13.46769410846862,11.605096898944396
2018-06-03_10-51-13\bottom_avg_clean_seagrass.txt\depth_1.25\chl_50.0\cdom_5.0\mineral_10.0\cloud_1.0\suntheta_30.0\windspeed_0.0\temp_10.0\salinity_0.0,9.209167533412923,11.133960468299723,9.827470846702013
2018-06-03_10-51-13\bottom_avg_clean_seagrass.txt\depth_1.25\chl_50.0\cdom_15.0\mineral_1.0\cloud_0.0\suntheta_0.0\windspeed_0.0\temp_10.0\salinity_0.0,34.420071011563785,45.3582272195688,43.81916594644415
2018-06-03_10-51-13\bottom_avg_clean_seagrass.txt\depth_1.25\chl_50.0\cdom_15.0\mineral_1.0\cloud_0.0\suntheta_30.0\windspeed_0.0\temp_10.0\salinity_0.0,27.76536498432939,35.15343611088706,32.86812061193698
2018-06-03_10-51-13\bottom_avg_clean_seagrass.txt\depth_1.25\chl_50.0\cdom_15.0\mineral_1.0\cloud_1.0\suntheta_0.0\windspeed_0.0\temp_10.0\salinity_0.0,7.330563171786524,9.377919584286806,8.910402310596822
2018-06-03_10-51-13\bottom_avg_clean_seagrass.txt\depth_1.25\chl_50.0\cdom_15.0\mineral_1.0\cloud_1.0\suntheta_30.0\windspeed_0.0\temp_10.0\salinity_0.0,6.135470690596366,7.777790237672954,7.37730640375846
2018-06-03_10-51-13\bottom_avg_clean_seagrass.txt\depth_1.25\chl_50.0\cdom_15.0\mineral_10.0\cloud_0.0\suntheta_0.0\windspeed_0.0\temp_10.0\salinity_0.0,28.158189232991194,34.148727566984846,30.083735787788974
2018-06-03_10-51-13\bottom_avg_clean_seagrass.txt\depth_1.25\chl_50.0\cdom_15.0\mineral_10.0\cloud_0.0\suntheta_30.0\windspeed_0.0\temp_10.0\salinity_0.0,21.47676177148994,26.05363113796452,22.895327484320802
2018-06-03_10-51-13\bottom_avg_clean_seagrass.txt\depth_1.25\chl_50.0\cdom_15.0\mineral_10.0\cloud_1.0\suntheta_0.0\windspeed_0.0\temp_10.0\salinity_0.0,5.680074175655803,6.905532742123289,6.10798195109278
2018-06-03_10-51-13\bottom_avg_clean_seagrass.txt\depth_1.25\chl_50.0\cdom_15.0\mineral_10.0\cloud_1.0\suntheta_30.0\windspeed_0.0\temp_10.0\salinity_0.0,4.8264919720285455,5.7191088864596065,5.040283663259409
