name,RED,GREEN,BLUE
"2018-06-03_10-51-13\bottom_dummyR.bot,\depth_1.25\chl_5.0\cdom_5.0\mineral_1.0\cloud_0.0\suntheta_0.0\windspeed_0.0\temp_10.0\salinity_0.0",57.64548774215613,80.0909440431263,93.83343216182429
"2018-06-03_10-51-13\bottom_dummyR.bot,\depth_1.25\chl_5.0\cdom_5.0\mineral_1.0\cloud_0.0\suntheta_30.0\windspeed_0.0\temp_10.0\salinity_0.0",48.80672380199797,67.94577908406106,78.99863122844532
"2018-06-03_10-51-13\bottom_dummyR.bot,\depth_1.25\chl_5.0\cdom_5.0\mineral_1.0\cloud_1.0\suntheta_0.0\windspeed_0.0\temp_10.0\salinity_0.0",13.968677986592764,19.659551636396287,22.95284970769352
"2018-06-03_10-51-13\bottom_dummyR.bot,\depth_1.25\chl_5.0\cdom_5.0\mineral_1.0\cloud_1.0\suntheta_30.0\windspeed_0.0\temp_10.0\salinity_0.0",11.814974795277964,16.587256189386768,19.277249685453686
"2018-06-03_10-51-13\bottom_dummyR.bot,\depth_1.25\chl_5.0\cdom_5.0\mineral_10.0\cloud_0.0\suntheta_0.0\windspeed_0.0\temp_10.0\salinity_0.0",59.991500957833345,83.23202671956834,90.94407885126502
"2018-06-03_10-51-13\bottom_dummyR.bot,\depth_1.25\chl_5.0\cdom_5.0\mineral_10.0\cloud_0.0\suntheta_30.0\windspeed_0.0\temp_10.0\salinity_0.0",49.07695900950065,67.73168453446712,73.17441817983183
"2018-06-03_10-51-13\bottom_dummyR.bot,\depth_1.25\chl_5.0\cdom_5.0\mineral_10.0\cloud_1.0\suntheta_0.0\windspeed_0.0\temp_10.0\salinity_0.0",13.60872048917773,18.893667139953806,20.47902927526156
"2018-06-03_10-51-13\bottom_dummyR.bot,\depth_1.25\chl_5.0\cdom_5.0\mineral_10.0\cloud_1.0\suntheta_30.0\windspeed_0.0\temp_10.0\salinity_0.0",11.471630368622298,15.87562696366625,17.125947612316246
"2018-06-03_10-51-13\bottom_dummyR.bot,\depth_1.25\chl_5.0\cdom_15.0\mineral_1.0\cloud_0.0\suntheta_0.0\windspeed_0.0\temp_10.0\salinity_0.0",42.982488953143836,61.82727601040809,70.34131482969859
"2018-06-03_10-51-13\bottom_dummyR.bot,\depth_1.25\chl_5.0\cdom_15.0\mineral_1.0\cloud_0.0\suntheta_30.0\windspeed_0.0\temp_10.0\salinity_0.0",34.27098103416773,49.36540369779044,55.85898979998288
"2018-06-03_10-51-13\bottom_dummyR.bot,\depth_1.25\chl_5.0\cdom_15.0\mineral_1.0\cloud_1.0\suntheta_0.0\windspeed_0.0\temp_10.0\salinity_0.0",9.290347684855217,13.53821754167396,15.452786493471516
"2018-06-03_10-51-13\bottom_dummyR.bot,\depth_1.25\chl_5.0\cdom_15.0\mineral_1.0\cloud_1.0\suntheta_30.0\windspeed_0.0\temp_10.0\salinity_0.0",7.809487087880242,11.35091015023848,12.898592728737603
"2018-06-03_10-51-13\bottom_dummyR.bot,\depth_1.25\chl_5.0\cdom_15.0\mineral_10.0\cloud_0.0\suntheta_0.0\windspeed_0.0\temp_10.0\salinity_0.0",35.69195479875875,48.49130136336356,51.67209637049737
"2018-06-03_10-51-13\bottom_dummyR.bot,\depth_1.25\chl_5.0\cdom_15.0\mineral_10.0\cloud_0.0\suntheta_30.0\windspeed_0.0\temp_10.0\salinity_0.0",27.768398329578726,37.61549132172259,39.777150731433466
"2018-06-03_10-51-13\bottom_dummyR.bot,\depth_1.25\chl_5.0\cdom_15.0\mineral_10.0\cloud_1.0\suntheta_0.0\windspeed_0.0\temp_10.0\salinity_0.0",7.398765242065756,10.115867172662036,10.77716232787621
"2018-06-03_10-51-13\bottom_dummyR.bot,\depth_1.25\chl_5.0\cdom_15.0\mineral_10.0\cloud_1.0\suntheta_30.0\windspeed_0.0\temp_10.0\salinity_0.0",6.20730593868512,8.461126447826937,8.974200347263277
"2018-06-03_10-51-13\bottom_dummyR.bot,\depth_1.25\chl_50.0\cdom_5.0\mineral_1.0\cloud_0.0\suntheta_0.0\windspeed_0.0\temp_10.0\salinity_0.0",54.82133749783083,72.29899647527422,72.46930920591655
"2018-06-03_10-51-13\bottom_dummyR.bot,\depth_1.25\chl_50.0\cdom_5.0\mineral_1.0\cloud_0.0\suntheta_30.0\windspeed_0.0\temp_10.0\salinity_0.0",45.21814942501965,59.06377685625705,57.957649149286304
"2018-06-03_10-51-13\bottom_dummyR.bot,\depth_1.25\chl_50.0\cdom_5.0\mineral_1.0\cloud_1.0\suntheta_0.0\windspeed_0.0\temp_10.0\salinity_0.0",12.617633238877024,16.501170804532105,16.09997177915358
"2018-06-03_10-51-13\bottom_dummyR.bot,\depth_1.25\chl_50.0\cdom_5.0\mineral_1.0\cloud_1.0\suntheta_30.0\windspeed_0.0\temp_10.0\salinity_0.0",10.644925697476213,13.872480075267546,13.45891794180351
"2018-06-03_10-51-13\bottom_dummyR.bot,\depth_1.25\chl_50.0\cdom_5.0\mineral_10.0\cloud_0.0\suntheta_0.0\windspeed_0.0\temp_10.0\salinity_0.0",50.075961557469185,61.235373924849895,55.08568443255505
"2018-06-03_10-51-13\bottom_dummyR.bot,\depth_1.25\chl_50.0\cdom_5.0\mineral_10.0\cloud_0.0\suntheta_30.0\windspeed_0.0\temp_10.0\salinity_0.0",40.093795342779735,48.45551281777019,42.77242940346272
"2018-06-03_10-51-13\bottom_dummyR.bot,\depth_1.25\chl_50.0\cdom_5.0\mineral_10.0\cloud_1.0\suntheta_0.0\windspeed_0.0\temp_10.0\salinity_0.0",10.917008189703832,13.210361997717204,11.630370656882404
"2018-06-03_10-51-13\bottom_dummyR.bot,\depth_1.25\chl_50.0\cdom_5.0\mineral_10.0\cloud_1.0\suntheta_30.0\windspeed_0.0\temp_10.0\salinity_0.0",9.185793341885173,11.075243558566685,9.702238007172252
"2018-06-03_10-51-13\bottom_dummyR.bot,\depth_1.25\chl_50.0\cdom_15.0\mineral_1.0\cloud_0.0\suntheta_0.0\windspeed_0.0\temp_10.0\salinity_0.0",35.20204839973134,45.35958105908834,43.41690324892771
"2018-06-03_10-51-13\bottom_dummyR.bot,\depth_1.25\chl_50.0\cdom_15.0\mineral_1.0\cloud_0.0\suntheta_30.0\windspeed_0.0\temp_10.0\salinity_0.0",27.55609804874231,35.279761128584056,33.23737588770534
"2018-06-03_10-51-13\bottom_dummyR.bot,\depth_1.25\chl_50.0\cdom_15.0\mineral_1.0\cloud_1.0\suntheta_0.0\windspeed_0.0\temp_10.0\salinity_0.0",7.35345437781866,9.467126499668643,8.926691808542085
"2018-06-03_10-51-13\bottom_dummyR.bot,\depth_1.25\chl_50.0\cdom_15.0\mineral_1.0\cloud_1.0\suntheta_30.0\windspeed_0.0\temp_10.0\salinity_0.0",6.171531528731432,7.919908543298753,7.4299045501798595
"2018-06-03_10-51-13\bottom_dummyR.bot,\depth_1.25\chl_50.0\cdom_15.0\mineral_10.0\cloud_0.0\suntheta_0.0\windspeed_0.0\temp_10.0\salinity_0.0",28.499344404646912,34.27696063055948,30.553126635895644
"2018-06-03_10-51-13\bottom_dummyR.bot,\depth_1.25\chl_50.0\cdom_15.0\mineral_10.0\cloud_0.0\suntheta_30.0\windspeed_0.0\temp_10.0\salinity_0.0",21.841579876804154,26.0495490839684,22.86741003463923
"2018-06-03_10-51-13\bottom_dummyR.bot,\depth_1.25\chl_50.0\cdom_15.0\mineral_10.0\cloud_1.0\suntheta_0.0\windspeed_0.0\temp_10.0\salinity_0.0",5.750146374274826,6.893711371813622,6.060516042303654
"2018-06-03_10-51-13\bottom_dummyR.bot,\depth_1.25\chl_50.0\cdom_15.0\mineral_10.0\cloud_1.0\suntheta_30.0\windspeed_0.0\temp_10.0\salinity_0.0",4.81819021594039,5.756953545048308,5.037607059895415
2018-06-03_10-51-13\bottom_avg_clean_seagrass.txt\depth_1.25\chl_5.0\cdom_5.0\mineral_1.0\cloud_0.0\suntheta_0.0\windspeed_0.0\temp_10.0\salinity_0.0,57.64548774215613,80.0909440431263,93.83343216182429
2018-06-03_10-51-13\bottom_avg_clean_seagrass.txt\depth_1.25\chl_5.0\cdom_5.0\mineral_1.0\cloud_0.0\suntheta_30.0\windspeed_0.0\temp_10.0\salinity_0.0,48.80672380199797,67.94577908406106,78.99863122844532
2018-06-03_10-51-13\bottom_avg_clean_seagrass.txt\depth_1.25\chl_5.0\cdom_5.0\mineral_1.0\cloud_1.0\suntheta_0.0\windspeed_0.0\temp_10.0\salinity_0.0,13.968677986592764,19.659551636396287,22.95284970769352
2018-06-03_10-51-13\bottom_avg_clean_seagrass.txt\depth_1.25\chl_5.0\cdom_5.0\mineral_1.0\cloud_1.0\suntheta_30.0\windspeed_0.0\temp_10.0\salinity_0.0,11.814974795277964,16.587256189386768,19.277249685453686
2018-06-03_10-51-13\bottom_avg_clean_seagrass.txt\depth_1.25\chl_5.0\cdom_5.0\mineral_10.0\cloud_0.0\suntheta_0.0\windspeed_0.0\temp_10.0\salinity_0.0,59.991500957833345,83.23202671956834,90.94407885126502
2018-06-03_10-51-13\bottom_avg_clean_seagrass.txt\depth_1.25\chl_5.0\cdom_5.0\mineral_10.0\cloud_0.0\suntheta_30.0\windspeed_0.0\temp_10.0\salinity_0.0,49.07695900950065,67.73168453446712,73.17441817983183
2018-06-03_10-51-13\bottom_avg_clean_seagrass.txt\depth_1.25\chl_5.0\cdom_5.0\mineral_10.0\cloud_1.0\suntheta_0.0\windspeed_0.0\temp_10.0\salinity_0.0,13.60872048917773,18.893667139953806,20.47902927526156
2018-06-03_10-51-13\bottom_avg_clean_seagrass.txt\depth_1.25\chl_5.0\cdom_5.0\mineral_10.0\cloud_1.0\suntheta_30.0\windspeed_0.0\temp_10.0\salinity_0.0,11.471630368622298,15.87562696366625,17.125947612316246
2018-06-03_10-51-13\bottom_avg_clean_seagrass.txt\depth_1.25\chl_5.0\cdom_15.0\mineral_1.0\cloud_0.0\suntheta_0.0\windspeed_0.0\temp_10.0\salinity_0.0,42.982488953143836,61.82727601040809,70.34131482969859
2018-06-03_10-51-13\bottom_avg_clean_seagrass.txt\depth_1.25\chl_5.0\cdom_15.0\mineral_1.0\cloud_0.0\suntheta_30.0\windspeed_0.0\temp_10.0\salinity_0.0,34.27098103416773,49.36540369779044,55.85898979998288
2018-06-03_10-51-13\bottom_avg_clean_seagrass.txt\depth_1.25\chl_5.0\cdom_15.0\mineral_1.0\cloud_1.0\suntheta_0.0\windspeed_0.0\temp_10.0\salinity_0.0,9.290347684855217,13.53821754167396,15.452786493471516
2018-06-03_10-51-13\bottom_avg_clean_seagrass.txt\depth_1.25\chl_5.0\cdom_15.0\mineral_1.0\cloud_1.0\suntheta_30.0\windspeed_0.0\temp_10.0\salinity_0.0,7.809487087880242,11.35091015023848,12.898592728737603
2018-06-03_10-51-13\bottom_avg_clean_seagrass.txt\depth_1.25\chl_5.0\cdom_15.0\mineral_10.0\cloud_0.0\suntheta_0.0\windspeed_0.0\temp_10.0\salinity_0.0,35.69195479875875,48.49130136336356,51.67209637049737
2018-06-03_10-51-13\bottom_avg_clean_seagrass.txt\depth_1.25\chl_5.0\cdom_15.0\mineral_10.0\cloud_0.0\suntheta_30.0\windspeed_0.0\temp_10.0\salinity_0.0,27.768398329578726,37.61549132172259,39.777150731433466
2018-06-03_10-51-13\bottom_avg_clean_seagrass.txt\depth_1.25\chl_5.0\cdom_15.0\mineral_10.0\cloud_1.0\suntheta_0.0\windspeed_0.0\temp_10.0\salinity_0.0,7.398765242065756,10.115867172662036,10.77716232787621
2018-06-03_10-51-13\bottom_avg_clean_seagrass.txt\depth_1.25\chl_5.0\cdom_15.0\mineral_10.0\cloud_1.0\suntheta_30.0\windspeed_0.0\temp_10.0\salinity_0.0,6.20730593868512,8.461126447826937,8.974200347263277
2018-06-03_10-51-13\bottom_avg_clean_seagrass.txt\depth_1.25\chl_50.0\cdom_5.0\mineral_1.0\cloud_0.0\suntheta_0.0\windspeed_0.0\temp_10.0\salinity_0.0,54.82133749783083,72.29899647527422,72.46930920591655
2018-06-03_10-51-13\bottom_avg_clean_seagrass.txt\depth_1.25\chl_50.0\cdom_5.0\mineral_1.0\cloud_0.0\suntheta_30.0\windspeed_0.0\temp_10.0\salinity_0.0,45.21814942501965,59.06377685625705,57.957649149286304
2018-06-03_10-51-13\bottom_avg_clean_seagrass.txt\depth_1.25\chl_50.0\cdom_5.0\mineral_1.0\cloud_1.0\suntheta_0.0\windspeed_0.0\temp_10.0\salinity_0.0,12.617633238877024,16.501170804532105,16.09997177915358
2018-06-03_10-51-13\bottom_avg_clean_seagrass.txt\depth_1.25\chl_50.0\cdom_5.0\mineral_1.0\cloud_1.0\suntheta_30.0\windspeed_0.0\temp_10.0\salinity_0.0,10.644925697476213,13.872480075267546,13.45891794180351
2018-06-03_10-51-13\bottom_avg_clean_seagrass.txt\depth_1.25\chl_50.0\cdom_5.0\mineral_10.0\cloud_0.0\suntheta_0.0\windspeed_0.0\temp_10.0\salinity_0.0,50.075961557469185,61.235373924849895,55.08568443255505
2018-06-03_10-51-13\bottom_avg_clean_seagrass.txt\depth_1.25\chl_50.0\cdom_5.0\mineral_10.0\cloud_0.0\suntheta_30.0\windspeed_0.0\temp_10.0\salinity_0.0,40.093795342779735,48.45551281777019,42.77242940346272
2018-06-03_10-51-13\bottom_avg_clean_seagrass.txt\depth_1.25\chl_50.0\cdom_5.0\mineral_10.0\cloud_1.0\suntheta_0.0\windspeed_0.0\temp_10.0\salinity_0.0,10.917008189703832,13.210361997717204,11.630370656882404
2018-06-03_10-51-13\bottom_avg_clean_seagrass.txt\depth_1.25\chl_50.0\cdom_5.0\mineral_10.0\cloud_1.0\suntheta_30.0\windspeed_0.0\temp_10.0\salinity_0.0,9.185793341885173,11.075243558566685,9.702238007172252
2018-06-03_10-51-13\bottom_avg_clean_seagrass.txt\depth_1.25\chl_50.0\cdom_15.0\mineral_1.0\cloud_0.0\suntheta_0.0\windspeed_0.0\temp_10.0\salinity_0.0,35.20204839973134,45.35958105908834,43.41690324892771
2018-06-03_10-51-13\bottom_avg_clean_seagrass.txt\depth_1.25\chl_50.0\cdom_15.0\mineral_1.0\cloud_0.0\suntheta_30.0\windspeed_0.0\temp_10.0\salinity_0.0,27.55609804874231,35.279761128584056,33.23737588770534
2018-06-03_10-51-13\bottom_avg_clean_seagrass.txt\depth_1.25\chl_50.0\cdom_15.0\mineral_1.0\cloud_1.0\suntheta_0.0\windspeed_0.0\temp_10.0\salinity_0.0,7.35345437781866,9.467126499668643,8.926691808542085
2018-06-03_10-51-13\bottom_avg_clean_seagrass.txt\depth_1.25\chl_50.0\cdom_15.0\mineral_1.0\cloud_1.0\suntheta_30.0\windspeed_0.0\temp_10.0\salinity_0.0,6.171531528731432,7.919908543298753,7.4299045501798595
2018-06-03_10-51-13\bottom_avg_clean_seagrass.txt\depth_1.25\chl_50.0\cdom_15.0\mineral_10.0\cloud_0.0\suntheta_0.0\windspeed_0.0\temp_10.0\salinity_0.0,28.499344404646912,34.27696063055948,30.553126635895644
2018-06-03_10-51-13\bottom_avg_clean_seagrass.txt\depth_1.25\chl_50.0\cdom_15.0\mineral_10.0\cloud_0.0\suntheta_30.0\windspeed_0.0\temp_10.0\salinity_0.0,21.841579876804154,26.0495490839684,22.86741003463923
2018-06-03_10-51-13\bottom_avg_clean_seagrass.txt\depth_1.25\chl_50.0\cdom_15.0\mineral_10.0\cloud_1.0\suntheta_0.0\windspeed_0.0\temp_10.0\salinity_0.0,5.750146374274826,6.893711371813622,6.060516042303654
2018-06-03_10-51-13\bottom_avg_clean_seagrass.txt\depth_1.25\chl_50.0\cdom_15.0\mineral_10.0\cloud_1.0\suntheta_30.0\windspeed_0.0\temp_10.0\salinity_0.0,4.81819021594039,5.756953545048308,5.037607059895415
