date,bottom,depth,chl,cdom,mineral,cloud,suntheta,windspeed,temp,salinity,BLUE,GREEN,RED,CLEAR,name
2018-06-15_16-18-45,avg_seagrass,1.25,7.0,4.0,2.0,0.0,0.0,0.0,10.0,0.0,1.2861247117170267,1.2149267444741692,1.3390978470135946,1.2637477420850327,1
2018-06-15_16-18-45,avg_seagrass,1.25,7.0,4.0,2.0,0.0,45.0,0.0,10.0,0.0,1.5280207243666062,1.4387924705499062,1.572850652774364,1.4963152285847714,2
2018-06-15_16-18-45,avg_seagrass,1.25,7.0,4.0,2.0,1.0,0.0,0.0,10.0,0.0,1.4406941421243686,1.358766242006132,1.488244834831964,1.4130155284006165,3
2018-06-15_16-18-45,avg_seagrass,1.25,7.0,4.0,2.0,1.0,45.0,0.0,10.0,0.0,1.4565455043677928,1.3730163010481122,1.5031110436713344,1.4275977789637844,4
2018-06-15_16-18-45,avg_seagrass,1.25,7.0,4.0,6.0,0.0,0.0,0.0,10.0,0.0,1.685433814559968,1.7054725001560178,1.928296130869283,1.7463011051459598,5
2018-06-15_16-18-45,avg_seagrass,1.25,7.0,4.0,6.0,0.0,45.0,0.0,10.0,0.0,1.9484507230103891,1.951351588260732,2.181199117881706,1.9993899775395805,6
2018-06-15_16-18-45,avg_seagrass,1.25,7.0,4.0,6.0,1.0,0.0,0.0,10.0,0.0,1.8532768588952488,1.8633282825064441,2.090855701907693,1.90933877623776,7
2018-06-15_16-18-45,avg_seagrass,1.25,7.0,4.0,6.0,1.0,45.0,0.0,10.0,0.0,1.8690925127204416,1.8776592526399185,2.104467137844677,1.923138886070152,8
2018-06-15_16-18-45,avg_seagrass,1.25,7.0,4.0,7.0,0.0,0.0,0.0,10.0,0.0,1.7853051477028787,1.828278887858644,2.0743119791525424,1.8654270542919615,9
2018-06-15_16-18-45,avg_seagrass,1.25,7.0,4.0,7.0,0.0,45.0,0.0,10.0,0.0,2.045060089371632,2.069858366716771,2.3214662848713243,2.114119832931598,10
2018-06-15_16-18-45,avg_seagrass,1.25,7.0,4.0,7.0,1.0,0.0,0.0,10.0,0.0,1.9513371978694856,1.983710101011022,2.233889690181738,2.0261395145331123,11
2018-06-15_16-18-45,avg_seagrass,1.25,7.0,4.0,7.0,1.0,45.0,0.0,10.0,0.0,1.966684796560612,1.9974961415463093,2.2465516555423384,2.0392222484820275,12
2018-06-15_16-18-45,avg_seagrass,1.25,7.0,4.0,15.0,0.0,0.0,0.0,10.0,0.0,2.5502805645364304,2.7663992072838965,3.1635875657147667,2.7545847035850533,13
2018-06-15_16-18-45,avg_seagrass,1.25,7.0,4.0,15.0,0.0,45.0,0.0,10.0,0.0,2.740032511150569,2.931541606685822,3.3247807509913434,2.926785004699401,14
2018-06-15_16-18-45,avg_seagrass,1.25,7.0,4.0,15.0,1.0,0.0,0.0,10.0,0.0,2.6738196879120566,2.875340578474602,3.2733901299364643,2.8698032847966446,15
2018-06-15_16-18-45,avg_seagrass,1.25,7.0,4.0,15.0,1.0,45.0,0.0,10.0,0.0,2.6838249906511344,2.8832235955945595,3.2769201145511726,2.8759780430398814,16
2018-06-15_16-18-45,avg_seagrass,1.25,7.0,10.0,2.0,0.0,0.0,0.0,10.0,0.0,2.403547824830994,2.341103499320635,2.468085741219161,2.387715517374329,17
2018-06-15_16-18-45,avg_seagrass,1.25,7.0,10.0,2.0,0.0,45.0,0.0,10.0,0.0,2.8271383447303684,2.739399360619646,2.867489093850996,2.7948329944640595,18
2018-06-15_16-18-45,avg_seagrass,1.25,7.0,10.0,2.0,1.0,0.0,0.0,10.0,0.0,2.6620080658197725,2.585755562978732,2.7125191032201914,2.6374120423277767,19
2018-06-15_16-18-45,avg_seagrass,1.25,7.0,10.0,2.0,1.0,45.0,0.0,10.0,0.0,2.6882901425891985,2.6103396578029354,2.737419880822113,2.662275073876477,20
2018-06-15_16-18-45,avg_seagrass,1.25,7.0,10.0,6.0,0.0,0.0,0.0,10.0,0.0,2.878993857090161,2.9152233669601966,3.136702494815629,2.9495288511690214,21
2018-06-15_16-18-45,avg_seagrass,1.25,7.0,10.0,6.0,0.0,45.0,0.0,10.0,0.0,3.278048456005656,3.286998812185929,3.5064125143190297,3.3303217116531334,22
2018-06-15_16-18-45,avg_seagrass,1.25,7.0,10.0,6.0,1.0,0.0,0.0,10.0,0.0,3.124631282678469,3.1458087798645025,3.3665781083669555,3.1860804293617586,23
2018-06-15_16-18-45,avg_seagrass,1.25,7.0,10.0,6.0,1.0,45.0,0.0,10.0,0.0,3.147833774175872,3.1672160603206367,3.386868990096886,3.206966119582316,24
2018-06-15_16-18-45,avg_seagrass,1.25,7.0,10.0,7.0,0.0,0.0,0.0,10.0,0.0,2.9961550327000763,3.0564340127529595,3.2998346483389014,3.0861779618767518,25
2018-06-15_16-18-45,avg_seagrass,1.25,7.0,10.0,7.0,0.0,45.0,0.0,10.0,0.0,3.3820632512284927,3.41350735025538,3.653880426931458,3.4526858837702723,26
2018-06-15_16-18-45,avg_seagrass,1.25,7.0,10.0,7.0,1.0,0.0,0.0,10.0,0.0,3.2344968416010103,3.2787685234077517,3.5212246882511,3.3149040366269795,27
2018-06-15_16-18-45,avg_seagrass,1.25,7.0,10.0,7.0,1.0,45.0,0.0,10.0,0.0,3.2566509160821213,3.299029654005341,3.5399599362757725,3.334484830285505,28
2018-06-15_16-18-45,avg_seagrass,1.25,7.0,10.0,15.0,0.0,0.0,0.0,10.0,0.0,3.883117641287124,4.122220876411955,4.504271852573993,4.09728039193863,29
2018-06-15_16-18-45,avg_seagrass,1.25,7.0,10.0,15.0,0.0,45.0,0.0,10.0,0.0,4.142752299861315,4.347563899910519,4.722631727832491,4.334139600292682,30
2018-06-15_16-18-45,avg_seagrass,1.25,7.0,10.0,15.0,1.0,0.0,0.0,10.0,0.0,4.048168582804882,4.267258240801431,4.6483477141410425,4.251218252039916,31
2018-06-15_16-18-45,avg_seagrass,1.25,7.0,10.0,15.0,1.0,45.0,0.0,10.0,0.0,4.061786366527293,4.278363646357228,4.655035024496403,4.260761076841194,32
2018-06-15_16-18-45,avg_seagrass,1.25,7.0,14.0,2.0,0.0,0.0,0.0,10.0,0.0,3.1388408396608987,3.0805687316694343,3.2092100167015256,3.12619441904916,33
2018-06-15_16-18-45,avg_seagrass,1.25,7.0,14.0,2.0,0.0,45.0,0.0,10.0,0.0,3.6732767127675587,3.5846948908091227,3.709231349029367,3.6394614064155824,34
2018-06-15_16-18-45,avg_seagrass,1.25,7.0,14.0,2.0,1.0,0.0,0.0,10.0,0.0,3.4559966211180693,3.3821869376687963,3.507907794205339,3.432767183185772,35
2018-06-15_16-18-45,avg_seagrass,1.25,7.0,14.0,2.0,1.0,45.0,0.0,10.0,0.0,3.488288275027216,3.412722235407548,3.538592427430677,3.463553280764044,36
2018-06-15_16-18-45,avg_seagrass,1.25,7.0,14.0,6.0,0.0,0.0,0.0,10.0,0.0,3.6524641299735343,3.695944854507343,3.9174176044255264,3.7274250931079336,37
2018-06-15_16-18-45,avg_seagrass,1.25,7.0,14.0,6.0,0.0,45.0,0.0,10.0,0.0,4.129222117064521,4.138776894762303,4.3537980670439556,4.180844664552438,38
2018-06-15_16-18-45,avg_seagrass,1.25,7.0,14.0,6.0,1.0,0.0,0.0,10.0,0.0,3.9399273045909844,3.9654059852633083,4.183852897725658,4.003522255223244,39
2018-06-15_16-18-45,avg_seagrass,1.25,7.0,14.0,6.0,1.0,45.0,0.0,10.0,0.0,3.9671486790307737,3.9905675606393394,4.2076820611163885,4.028208280419965,40
2018-06-15_16-18-45,avg_seagrass,1.25,7.0,14.0,7.0,0.0,0.0,0.0,10.0,0.0,3.778046725253768,3.8461837349484815,4.090291336965154,3.8729851964469435,41
2018-06-15_16-18-45,avg_seagrass,1.25,7.0,14.0,7.0,0.0,45.0,0.0,10.0,0.0,4.2356249782297875,4.268648027420468,4.50466294893184,4.30622168760267,42
2018-06-15_16-18-45,avg_seagrass,1.25,7.0,14.0,7.0,1.0,0.0,0.0,10.0,0.0,4.0552534824660915,4.1041647066735045,4.344559145204667,4.138029876548391,43
2018-06-15_16-18-45,avg_seagrass,1.25,7.0,14.0,7.0,1.0,45.0,0.0,10.0,0.0,4.081460150536962,4.128254240131789,4.367178737723196,4.161583946698788,44
2018-06-15_16-18-45,avg_seagrass,1.25,7.0,14.0,15.0,0.0,0.0,0.0,10.0,0.0,4.7266407522377065,4.9771085564592985,5.354378372815475,4.94592252843856,45
2018-06-15_16-18-45,avg_seagrass,1.25,7.0,14.0,15.0,0.0,45.0,0.0,10.0,0.0,5.0238424607271845,5.234662961156238,5.603670596532688,5.217575877625844,46
2018-06-15_16-18-45,avg_seagrass,1.25,7.0,14.0,15.0,1.0,0.0,0.0,10.0,0.0,4.913081212427909,5.140813284779988,5.516514020974735,5.119956559494646,47
2018-06-15_16-18-45,avg_seagrass,1.25,7.0,14.0,15.0,1.0,45.0,0.0,10.0,0.0,4.928560923749759,5.153582399629206,5.524780378444865,5.131232416529596,48
2018-06-15_16-18-45,avg_seagrass,1.25,7.0,21.0,2.0,0.0,0.0,0.0,10.0,0.0,4.414213105124419,4.361459741955503,4.490843214027946,4.405387946380209,49
2018-06-15_16-18-45,avg_seagrass,1.25,7.0,21.0,2.0,0.0,45.0,0.0,10.0,0.0,5.1261446507183095,5.03437054113538,5.150729295074274,5.088044883861182,50
2018-06-15_16-18-45,avg_seagrass,1.25,7.0,21.0,2.0,1.0,0.0,0.0,10.0,0.0,4.818708249294894,4.747993277907935,4.870593732824611,4.796759492579094,51
2018-06-15_16-18-45,avg_seagrass,1.25,7.0,21.0,2.0,1.0,45.0,0.0,10.0,0.0,4.860107029500747,4.787519379162875,4.910062323070401,4.836524813698129,52
2018-06-15_16-18-45,avg_seagrass,1.25,7.0,21.0,6.0,0.0,0.0,0.0,10.0,0.0,4.98456969185853,5.039192603216257,5.262474110353682,5.066685849450499,53
2018-06-15_16-18-45,avg_seagrass,1.25,7.0,21.0,6.0,0.0,45.0,0.0,10.0,0.0,5.581283721069781,5.591455458095285,5.801164859619554,5.632049888163703,54
2018-06-15_16-18-45,avg_seagrass,1.25,7.0,21.0,6.0,1.0,0.0,0.0,10.0,0.0,5.333382300579237,5.365964768308109,5.582957995694877,5.401078509174492,55
2018-06-15_16-18-45,avg_seagrass,1.25,7.0,21.0,6.0,1.0,45.0,0.0,10.0,0.0,5.366538602167451,5.396779770630414,5.612184792031282,5.431453195512319,56
2018-06-15_16-18-45,avg_seagrass,1.25,7.0,21.0,7.0,0.0,0.0,0.0,10.0,0.0,5.123195775178625,5.203658598396213,5.447701842187804,5.225380760876959,57
2018-06-15_16-18-45,avg_seagrass,1.25,7.0,21.0,7.0,0.0,45.0,0.0,10.0,0.0,5.689470165221777,5.724087330579304,5.95444503080262,5.759782170213518,58
2018-06-15_16-18-45,avg_seagrass,1.25,7.0,21.0,7.0,1.0,0.0,0.0,10.0,0.0,5.456495384703734,5.513805695137732,5.751681167310416,5.54387524699837,59
2018-06-15_16-18-45,avg_seagrass,1.25,7.0,21.0,7.0,1.0,45.0,0.0,10.0,0.0,5.487661226129389,5.542494173773136,5.778389704640842,5.571989376476141,60
2018-06-15_16-18-45,avg_seagrass,1.25,7.0,21.0,15.0,0.0,0.0,0.0,10.0,0.0,6.157490371755821,6.424597312271667,6.796945641088857,6.38447567704112,61
2018-06-15_16-18-45,avg_seagrass,1.25,7.0,21.0,15.0,0.0,45.0,0.0,10.0,0.0,6.5098378735893805,6.7292624836722945,7.092022210704756,6.707339338999053,62
2018-06-15_16-18-45,avg_seagrass,1.25,7.0,21.0,15.0,1.0,0.0,0.0,10.0,0.0,6.374264390773533,6.614655727898492,6.984996582137402,6.587100192751103,63
2018-06-15_16-18-45,avg_seagrass,1.25,7.0,21.0,15.0,1.0,45.0,0.0,10.0,0.0,6.392349096543553,6.629753833036215,6.9954285063684445,6.600803726101098,64
2018-06-15_16-18-45,avg_seagrass,1.25,15.0,4.0,2.0,0.0,0.0,0.0,10.0,0.0,1.421129236128322,1.41334374845844,1.6399762366350414,1.4652315688087802,65
2018-06-15_16-18-45,avg_seagrass,1.25,15.0,4.0,2.0,0.0,45.0,0.0,10.0,0.0,1.685425631985351,1.666800805532468,1.9155951524371748,1.7270043222727252,66
2018-06-15_16-18-45,avg_seagrass,1.25,15.0,4.0,2.0,1.0,0.0,0.0,10.0,0.0,1.5893378944850178,1.5754267156021482,1.8151614818274182,1.6329595561596726,67
2018-06-15_16-18-45,avg_seagrass,1.25,15.0,4.0,2.0,1.0,45.0,0.0,10.0,0.0,1.606237143507467,1.5909704161150866,1.8313295794026452,1.6482554056592322,68
2018-06-15_16-18-45,avg_seagrass,1.25,15.0,4.0,6.0,0.0,0.0,0.0,10.0,0.0,1.826918340805077,1.910453788212044,2.23207737191407,1.9462157125158719,69
2018-06-15_16-18-45,avg_seagrass,1.25,15.0,4.0,6.0,0.0,45.0,0.0,10.0,0.0,2.106693052450868,2.1764793537511644,2.5109687221310266,2.218312811713869,70
2018-06-15_16-18-45,avg_seagrass,1.25,15.0,4.0,6.0,1.0,0.0,0.0,10.0,0.0,2.00478509354373,2.080658334073324,2.4112234415403258,2.1212811447632265,71
2018-06-15_16-18-45,avg_seagrass,1.25,15.0,4.0,6.0,1.0,45.0,0.0,10.0,0.0,2.021405887185008,2.095698255121576,2.4249072403578342,2.135277793652368,72
2018-06-15_16-18-45,avg_seagrass,1.25,15.0,4.0,7.0,0.0,0.0,0.0,10.0,0.0,1.9283618240986813,2.0343706627821545,2.3773367052639536,2.0645087889356692,73
2018-06-15_16-18-45,avg_seagrass,1.25,15.0,4.0,7.0,0.0,45.0,0.0,10.0,0.0,2.203647651475794,2.2941657345898787,2.6474059610741048,2.3302746950884474,74
2018-06-15_16-18-45,avg_seagrass,1.25,15.0,4.0,7.0,1.0,0.0,0.0,10.0,0.0,2.1036696314525103,2.2010113176358788,2.551761160336623,2.2360739510913,75
2018-06-15_16-18-45,avg_seagrass,1.25,15.0,4.0,7.0,1.0,45.0,0.0,10.0,0.0,2.1197780660804417,2.215403588418852,2.564266449200165,2.249280295314565,76
2018-06-15_16-18-45,avg_seagrass,1.25,15.0,4.0,15.0,0.0,0.0,0.0,10.0,0.0,2.7052469385371536,2.9758619858133137,3.445130799486862,2.9450681753554293,77
2018-06-15_16-18-45,avg_seagrass,1.25,15.0,4.0,15.0,0.0,45.0,0.0,10.0,0.0,2.903554813899229,3.148886137396804,3.6136606037848966,3.124576122098341,78
2018-06-15_16-18-45,avg_seagrass,1.25,15.0,4.0,15.0,1.0,0.0,0.0,10.0,0.0,2.833911763532684,3.089859457710177,3.5606750896649224,3.0650920220783506,79
2018-06-15_16-18-45,avg_seagrass,1.25,15.0,4.0,15.0,1.0,45.0,0.0,10.0,0.0,2.844475070827304,3.097885372026413,3.563154542454623,3.0712292510415224,80
2018-06-15_16-18-45,avg_seagrass,1.25,15.0,10.0,2.0,0.0,0.0,0.0,10.0,0.0,2.536193857525036,2.5352218532696336,2.761982469452806,2.584544361037361,81
2018-06-15_16-18-45,avg_seagrass,1.25,15.0,10.0,2.0,0.0,45.0,0.0,10.0,0.0,2.9801216614392034,2.960473364921105,3.1999045052933206,3.0189294372266318,82
2018-06-15_16-18-45,avg_seagrass,1.25,15.0,10.0,2.0,1.0,0.0,0.0,10.0,0.0,2.8059729387546706,2.7951479906692414,3.028678711256769,2.8501385146516385,83
2018-06-15_16-18-45,avg_seagrass,1.25,15.0,10.0,2.0,1.0,45.0,0.0,10.0,0.0,2.8330783519682767,2.820753156067718,3.0545253456112587,2.875473047896502,84
2018-06-15_16-18-45,avg_seagrass,1.25,15.0,10.0,6.0,0.0,0.0,0.0,10.0,0.0,3.0149272037719084,3.1109528435676785,3.427272863095916,3.1404471537999554,85
2018-06-15_16-18-45,avg_seagrass,1.25,15.0,10.0,6.0,0.0,45.0,0.0,10.0,0.0,3.4279065650729854,3.499739573320704,3.8200536944159817,3.5380294430697523,86
2018-06-15_16-18-45,avg_seagrass,1.25,15.0,10.0,6.0,1.0,0.0,0.0,10.0,0.0,3.2682977123755115,3.3513492859946745,3.671161401440503,3.387004667820148,87
2018-06-15_16-18-45,avg_seagrass,1.25,15.0,10.0,6.0,1.0,45.0,0.0,10.0,0.0,3.2921003230663715,3.373224124720664,3.691295352110232,3.4079069203392147,88
2018-06-15_16-18-45,avg_seagrass,1.25,15.0,10.0,7.0,0.0,0.0,0.0,10.0,0.0,3.1329133230003188,3.2522197587275468,3.58836186863952,3.275391519659312,89
2018-06-15_16-18-45,avg_seagrass,1.25,15.0,10.0,7.0,0.0,45.0,0.0,10.0,0.0,3.531466386832421,3.6244988848758855,3.962745469092382,3.656843661249796,90
2018-06-15_16-18-45,avg_seagrass,1.25,15.0,10.0,7.0,1.0,0.0,0.0,10.0,0.0,3.3783257050523807,3.4834097366860046,3.8223526781170025,3.513120936247573,91
2018-06-15_16-18-45,avg_seagrass,1.25,15.0,10.0,7.0,1.0,45.0,0.0,10.0,0.0,3.400998963906958,3.5040509459012665,3.840773368801752,3.5326521626579943,92
2018-06-15_16-18-45,avg_seagrass,1.25,15.0,10.0,15.0,0.0,0.0,0.0,10.0,0.0,4.026648512009291,4.315907786551594,4.767435803546422,4.2737065134207,93
2018-06-15_16-18-45,avg_seagrass,1.25,15.0,10.0,15.0,0.0,45.0,0.0,10.0,0.0,4.2927791583076464,4.547789908218191,4.993291056317732,4.516883671871463,94
2018-06-15_16-18-45,avg_seagrass,1.25,15.0,10.0,15.0,1.0,0.0,0.0,10.0,0.0,4.195398112452475,4.465014175937856,4.9172035196864785,4.431684845829269,95
2018-06-15_16-18-45,avg_seagrass,1.25,15.0,10.0,15.0,1.0,45.0,0.0,10.0,0.0,4.2094027462869725,4.476182035735741,4.9227970908252665,4.441104288606881,96
2018-06-15_16-18-45,avg_seagrass,1.25,15.0,14.0,2.0,0.0,0.0,0.0,10.0,0.0,3.270669013568341,3.2731348628352785,3.5003918441641337,3.3212402539669115,97
2018-06-15_16-18-45,avg_seagrass,1.25,15.0,14.0,2.0,0.0,45.0,0.0,10.0,0.0,3.8243194679149153,3.8028726504204333,4.037212192728588,3.860829226908736,98
2018-06-15_16-18-45,avg_seagrass,1.25,15.0,14.0,2.0,1.0,0.0,0.0,10.0,0.0,3.597951687993387,3.588560791455204,3.8194460287949776,3.6424300470452677,99
2018-06-15_16-18-45,avg_seagrass,1.25,15.0,14.0,2.0,1.0,45.0,0.0,10.0,0.0,3.630975638987529,3.6199576957071873,3.8508749277169865,3.6735587811224866,100
2018-06-15_16-18-45,avg_seagrass,1.25,15.0,14.0,6.0,0.0,0.0,0.0,10.0,0.0,3.786604004872972,3.8882454330811584,4.2034722139281815,3.9151044244960587,101
2018-06-15_16-18-45,avg_seagrass,1.25,15.0,14.0,6.0,0.0,45.0,0.0,10.0,0.0,4.2759450222544135,4.3469988538818605,4.661469721993243,4.384436400427333,102
2018-06-15_16-18-45,avg_seagrass,1.25,15.0,14.0,6.0,1.0,0.0,0.0,10.0,0.0,4.080877435643736,4.166679760384444,4.482900671445709,4.200510807055961,103
2018-06-15_16-18-45,avg_seagrass,1.25,15.0,14.0,6.0,1.0,45.0,0.0,10.0,0.0,4.108440106892979,4.19207888384322,4.505758176442824,4.224855687049352,104
2018-06-15_16-18-45,avg_seagrass,1.25,15.0,14.0,7.0,0.0,0.0,0.0,10.0,0.0,3.9120266366307743,4.038346449170933,4.373513241044103,4.058296159198447,105
2018-06-15_16-18-45,avg_seagrass,1.25,15.0,14.0,7.0,0.0,45.0,0.0,10.0,0.0,4.381504048503325,4.474800404844877,4.8075280695303215,4.506077558721728,106
2018-06-15_16-18-45,avg_seagrass,1.25,15.0,14.0,7.0,1.0,0.0,0.0,10.0,0.0,4.19591424051626,4.304357471572287,4.639998818633306,4.3321545572732685,107
2018-06-15_16-18-45,avg_seagrass,1.25,15.0,14.0,7.0,1.0,45.0,0.0,10.0,0.0,4.222054665456886,4.328562218754462,4.661641699802288,4.355118026232433,108
2018-06-15_16-18-45,avg_seagrass,1.25,15.0,14.0,15.0,0.0,0.0,0.0,10.0,0.0,4.8666685384926645,5.16538176001725,5.610533445363622,5.1175195039360215,109
2018-06-15_16-18-45,avg_seagrass,1.25,15.0,14.0,15.0,0.0,45.0,0.0,10.0,0.0,5.169550885751197,5.428957909341174,5.867599207001405,5.395185960130046,110
2018-06-15_16-18-45,avg_seagrass,1.25,15.0,14.0,15.0,1.0,0.0,0.0,10.0,0.0,5.056287802205829,5.3327905887452784,5.778380226528944,5.295343019181423,111
2018-06-15_16-18-45,avg_seagrass,1.25,15.0,14.0,15.0,1.0,45.0,0.0,10.0,0.0,5.072093512833758,5.345530236692341,5.785544181240934,5.306449110416897,112
2018-06-15_16-18-45,avg_seagrass,1.25,15.0,21.0,2.0,0.0,0.0,0.0,10.0,0.0,4.542873178067789,4.548272142177603,4.767581895810884,4.593318702176048,113
2018-06-15_16-18-45,avg_seagrass,1.25,15.0,21.0,2.0,0.0,45.0,0.0,10.0,0.0,5.26982602589763,5.240128103025473,5.451523414390058,5.2957703708786115,114
2018-06-15_16-18-45,avg_seagrass,1.25,15.0,21.0,2.0,1.0,0.0,0.0,10.0,0.0,4.954302255442227,4.943568445474534,5.158567671684037,4.994214390646704,115
2018-06-15_16-18-45,avg_seagrass,1.25,15.0,21.0,2.0,1.0,45.0,0.0,10.0,0.0,4.996308050873099,4.983832768510704,5.1986053975388025,5.034243922389247,116
2018-06-15_16-18-45,avg_seagrass,1.25,15.0,21.0,6.0,0.0,0.0,0.0,10.0,0.0,5.116738935841677,5.22828390493423,5.542438382448423,5.250659691243102,117
2018-06-15_16-18-45,avg_seagrass,1.25,15.0,21.0,6.0,0.0,45.0,0.0,10.0,0.0,5.724391998277353,5.794689180985969,6.101494093245058,5.830963169773764,118
2018-06-15_16-18-45,avg_seagrass,1.25,15.0,21.0,6.0,1.0,0.0,0.0,10.0,0.0,5.471054399689589,5.5625450167705,5.8744533630392155,5.59323031943339,119
2018-06-15_16-18-45,avg_seagrass,1.25,15.0,21.0,6.0,1.0,45.0,0.0,10.0,0.0,5.504623347701348,5.593605566496597,5.903259201350112,5.6234546378528165,120
2018-06-15_16-18-45,avg_seagrass,1.25,15.0,21.0,7.0,0.0,0.0,0.0,10.0,0.0,5.255779797803464,5.3921344851382855,5.724923836070893,5.407148140855756,121
2018-06-15_16-18-45,avg_seagrass,1.25,15.0,21.0,7.0,0.0,45.0,0.0,10.0,0.0,5.83187948116163,5.925173836621347,6.249852901325817,5.954878031811668,122
2018-06-15_16-18-45,avg_seagrass,1.25,15.0,21.0,7.0,1.0,0.0,0.0,10.0,0.0,5.594067227319047,5.709044224205336,6.039390455505071,5.733031275544459,123
2018-06-15_16-18-45,avg_seagrass,1.25,15.0,21.0,7.0,1.0,45.0,0.0,10.0,0.0,5.625604172361146,5.7379032417709235,6.065542050678108,5.7609533829785,124
2018-06-15_16-18-45,avg_seagrass,1.25,15.0,21.0,15.0,0.0,0.0,0.0,10.0,0.0,6.2934445836330415,6.60652685912467,7.0437410695313805,6.550155646520544,125
2018-06-15_16-18-45,avg_seagrass,1.25,15.0,21.0,15.0,0.0,45.0,0.0,10.0,0.0,6.65031326670349,6.916678632986931,7.347128676282476,6.878676406050673,126
2018-06-15_16-18-45,avg_seagrass,1.25,15.0,21.0,15.0,1.0,0.0,0.0,10.0,0.0,6.512618399700084,6.799949984741055,7.237663364271523,6.756261605851517,127
2018-06-15_16-18-45,avg_seagrass,1.25,15.0,21.0,15.0,1.0,45.0,0.0,10.0,0.0,6.531037500935942,6.814963409577878,7.24704655159742,6.769813570996827,128
2018-06-15_16-18-45,avg_seagrass,1.25,25.0,4.0,2.0,0.0,0.0,0.0,10.0,0.0,1.583419072117517,1.6450936998412866,1.9867788802457809,1.6931225089380515,129
2018-06-15_16-18-45,avg_seagrass,1.25,25.0,4.0,2.0,0.0,45.0,0.0,10.0,0.0,1.8739030742147869,1.9306983913520424,2.3048832753190824,1.9847631490552893,130
2018-06-15_16-18-45,avg_seagrass,1.25,25.0,4.0,2.0,1.0,0.0,0.0,10.0,0.0,1.7672283707763652,1.8265681791402373,2.1881551546024487,1.8793150609037221,131
2018-06-15_16-18-45,avg_seagrass,1.25,25.0,4.0,2.0,1.0,45.0,0.0,10.0,0.0,1.7854675338338242,1.8435323513866508,2.2051533314018483,1.89535082834252,132
2018-06-15_16-18-45,avg_seagrass,1.25,25.0,4.0,6.0,0.0,0.0,0.0,10.0,0.0,1.9973661218147252,2.148285150657806,2.574312015751638,2.171325484789885,133
2018-06-15_16-18-45,avg_seagrass,1.25,25.0,4.0,6.0,0.0,45.0,0.0,10.0,0.0,2.2967611309424893,2.435884749466249,2.877667548119803,2.4628629432363995,134
2018-06-15_16-18-45,avg_seagrass,1.25,25.0,4.0,6.0,1.0,0.0,0.0,10.0,0.0,2.186746435396834,2.3314753598278237,2.7691911407442547,2.3583853434347564,135
2018-06-15_16-18-45,avg_seagrass,1.25,25.0,4.0,6.0,1.0,45.0,0.0,10.0,0.0,2.204408462322766,2.347316423202964,2.782422965079724,2.372676831952119,136
2018-06-15_16-18-45,avg_seagrass,1.25,25.0,4.0,7.0,0.0,0.0,0.0,10.0,0.0,2.1007927444434693,2.273268736364724,2.7169015850234914,2.288693404291237,137
2018-06-15_16-18-45,avg_seagrass,1.25,25.0,4.0,7.0,0.0,45.0,0.0,10.0,0.0,2.3942922885311617,2.552543717676156,3.0081675436096567,2.571979946991976,138
2018-06-15_16-18-45,avg_seagrass,1.25,25.0,4.0,7.0,1.0,0.0,0.0,10.0,0.0,2.286777343176881,2.4516578406219947,2.905108442276102,2.471066316987184,139
2018-06-15_16-18-45,avg_seagrass,1.25,25.0,4.0,7.0,1.0,45.0,0.0,10.0,0.0,2.303863300453465,2.466737804158448,2.9169893090520547,2.484515252591613,140
2018-06-15_16-18-45,avg_seagrass,1.25,25.0,4.0,15.0,0.0,0.0,0.0,10.0,0.0,2.892580020414057,3.2186283247042358,3.7517614970708286,3.162286784942212,141
2018-06-15_16-18-45,avg_seagrass,1.25,25.0,4.0,15.0,0.0,45.0,0.0,10.0,0.0,3.1010079558018657,3.4002081093663823,3.9261794812967388,3.3497441050482863,142
2018-06-15_16-18-45,avg_seagrass,1.25,25.0,4.0,15.0,1.0,0.0,0.0,10.0,0.0,3.027268723184791,3.3380019655852347,3.8722330421558655,3.287331644678354,143
2018-06-15_16-18-45,avg_seagrass,1.25,25.0,4.0,15.0,1.0,45.0,0.0,10.0,0.0,3.038425889116397,3.3462075385633336,3.8733393729896815,3.293556166491166,144
2018-06-15_16-18-45,avg_seagrass,1.25,25.0,10.0,2.0,0.0,0.0,0.0,10.0,0.0,2.695993243693422,2.7628504211764007,3.1024335776515866,2.808244590774123,145
2018-06-15_16-18-45,avg_seagrass,1.25,25.0,10.0,2.0,0.0,45.0,0.0,10.0,0.0,3.1636604518501037,3.217510531792158,3.580204569409257,3.270686829930969,146
2018-06-15_16-18-45,avg_seagrass,1.25,25.0,10.0,2.0,1.0,0.0,0.0,10.0,0.0,2.9786709319135296,3.039088768839554,3.391962127084719,3.089801805901062,147
2018-06-15_16-18-45,avg_seagrass,1.25,25.0,10.0,2.0,1.0,45.0,0.0,10.0,0.0,3.006875780062562,3.065810673139209,3.4182968633524786,3.115620533730224,148
2018-06-15_16-18-45,avg_seagrass,1.25,25.0,10.0,6.0,0.0,0.0,0.0,10.0,0.0,3.1794428316063,3.3398976500812942,3.7576654071872713,3.3572821636991077,149
2018-06-15_16-18-45,avg_seagrass,1.25,25.0,10.0,6.0,0.0,45.0,0.0,10.0,0.0,3.6087022361574776,3.74706152223418,4.172736398997772,3.772024888688175,150
2018-06-15_16-18-45,avg_seagrass,1.25,25.0,10.0,6.0,1.0,0.0,0.0,10.0,0.0,3.4417523817580493,3.590707091844843,4.015196167641397,3.6138282589385597,151
2018-06-15_16-18-45,avg_seagrass,1.25,25.0,10.0,6.0,1.0,45.0,0.0,10.0,0.0,3.4663501597996462,3.613129970181913,4.034648495959371,3.6348119735706304,152
2018-06-15_16-18-45,avg_seagrass,1.25,25.0,10.0,7.0,0.0,0.0,0.0,10.0,0.0,3.29857290980223,3.4811350962969563,3.9153223928498924,3.490454503908162,153
2018-06-15_16-18-45,avg_seagrass,1.25,25.0,10.0,7.0,0.0,45.0,0.0,10.0,0.0,3.712013985965595,3.8700310534055133,4.309617914866669,3.8874147120446585,154
2018-06-15_16-18-45,avg_seagrass,1.25,25.0,10.0,7.0,1.0,0.0,0.0,10.0,0.0,3.5521478056910265,3.7216919470766863,4.161394886152626,3.7371452265771055,155
2018-06-15_16-18-45,avg_seagrass,1.25,25.0,10.0,7.0,1.0,45.0,0.0,10.0,0.0,3.575555507077264,3.742849873757274,4.179179630014747,3.756769909991464,156
2018-06-15_16-18-45,avg_seagrass,1.25,25.0,10.0,15.0,0.0,0.0,0.0,10.0,0.0,4.201545507909857,4.542782842493281,5.057601937822311,4.476919354974005,157
2018-06-15_16-18-45,avg_seagrass,1.25,25.0,10.0,15.0,0.0,45.0,0.0,10.0,0.0,4.4754018048987945,4.781819580612932,5.290190616619698,4.726830529266817,158
2018-06-15_16-18-45,avg_seagrass,1.25,25.0,10.0,15.0,1.0,0.0,0.0,10.0,0.0,4.374639601734141,4.696247508414392,5.212616875319745,4.638995052723834,159
2018-06-15_16-18-45,avg_seagrass,1.25,25.0,10.0,15.0,1.0,45.0,0.0,10.0,0.0,4.389123333823084,4.707505591903157,5.216905521114611,4.6484212860815655,160
2018-06-15_16-18-45,avg_seagrass,1.25,25.0,14.0,2.0,0.0,0.0,0.0,10.0,0.0,3.4295706790212566,3.4991603275212926,3.8380986455081407,3.5432255186431747,161
2018-06-15_16-18-45,avg_seagrass,1.25,25.0,14.0,2.0,0.0,45.0,0.0,10.0,0.0,4.00560536483124,4.0568449006210585,4.413314833515824,4.109933982750094,162
2018-06-15_16-18-45,avg_seagrass,1.25,25.0,14.0,2.0,1.0,0.0,0.0,10.0,0.0,3.768370815232167,3.8293217784409315,4.178200215740036,3.8790857689491776,163
2018-06-15_16-18-45,avg_seagrass,1.25,25.0,14.0,2.0,1.0,45.0,0.0,10.0,0.0,3.802363694442921,3.861673986097265,4.209925271422522,3.9105614539715265,164
2018-06-15_16-18-45,avg_seagrass,1.25,25.0,14.0,6.0,0.0,0.0,0.0,10.0,0.0,3.9488946029233682,4.1136040226700725,4.529689910913575,4.12877943615264,165
2018-06-15_16-18-45,avg_seagrass,1.25,25.0,14.0,6.0,0.0,45.0,0.0,10.0,0.0,4.4527796800341966,4.5898512436592735,5.0095251214331435,4.614643036437053,166
2018-06-15_16-18-45,avg_seagrass,1.25,25.0,14.0,6.0,1.0,0.0,0.0,10.0,0.0,4.2506327880335935,4.401013299316807,4.821641193744651,4.423115772720106,167
2018-06-15_16-18-45,avg_seagrass,1.25,25.0,14.0,6.0,1.0,45.0,0.0,10.0,0.0,4.279096798089207,4.427675158508942,4.84481446365392,4.4480604456287045,168
2018-06-15_16-18-45,avg_seagrass,1.25,25.0,14.0,7.0,0.0,0.0,0.0,10.0,0.0,4.074370351762358,4.263440070508453,4.695161397474645,4.2692849010812965,169
2018-06-15_16-18-45,avg_seagrass,1.25,25.0,14.0,7.0,0.0,45.0,0.0,10.0,0.0,4.557249006771733,4.715820417928363,5.148539291344365,4.731969642866224,170
2018-06-15_16-18-45,avg_seagrass,1.25,25.0,14.0,7.0,1.0,0.0,0.0,10.0,0.0,4.364864121428154,4.538750951239813,4.973436763661713,4.551557183751084,171
2018-06-15_16-18-45,avg_seagrass,1.25,25.0,14.0,7.0,1.0,45.0,0.0,10.0,0.0,4.391887319217555,4.563139823231764,4.994146273539565,4.574537260879293,172
2018-06-15_16-18-45,avg_seagrass,1.25,25.0,14.0,15.0,0.0,0.0,0.0,10.0,0.0,5.037428401423002,5.386300743083145,5.893594452748848,5.315561068963796,173
2018-06-15_16-18-45,avg_seagrass,1.25,25.0,14.0,15.0,0.0,45.0,0.0,10.0,0.0,5.347068655655964,5.656542177840798,6.1579092932172275,5.599564847879956,174
2018-06-15_16-18-45,avg_seagrass,1.25,25.0,14.0,15.0,1.0,0.0,0.0,10.0,0.0,5.230691428370529,5.5576702627222465,6.066836319987187,5.497122266371531,175
2018-06-15_16-18-45,avg_seagrass,1.25,25.0,14.0,15.0,1.0,45.0,0.0,10.0,0.0,5.246916679467262,5.570455098664899,6.07273762764229,5.508202593973189,176
2018-06-15_16-18-45,avg_seagrass,1.25,25.0,21.0,2.0,0.0,0.0,0.0,10.0,0.0,4.700639087014518,4.767176063361453,5.107570964911886,4.8128074929672815,177
2018-06-15_16-18-45,avg_seagrass,1.25,25.0,21.0,2.0,0.0,45.0,0.0,10.0,0.0,5.4463115605130366,5.47958797454401,5.825144110105388,5.538075305227702,178
2018-06-15_16-18-45,avg_seagrass,1.25,25.0,21.0,2.0,1.0,0.0,0.0,10.0,0.0,5.1168804467355145,5.169124964782684,5.507429140976137,5.2207142924257495,179
2018-06-15_16-18-45,avg_seagrass,1.25,25.0,21.0,2.0,1.0,45.0,0.0,10.0,0.0,5.159390051192959,5.2098801696744825,5.546554570780388,5.2605061261783534,180
2018-06-15_16-18-45,avg_seagrass,1.25,25.0,21.0,6.0,0.0,0.0,0.0,10.0,0.0,5.277049063130377,5.450374482854482,5.862646420585741,5.4607855150577835,181
2018-06-15_16-18-45,avg_seagrass,1.25,25.0,21.0,6.0,0.0,45.0,0.0,10.0,0.0,5.897585556613701,6.03222795301521,6.442805877258778,6.056553851730548,182
2018-06-15_16-18-45,avg_seagrass,1.25,25.0,21.0,6.0,1.0,0.0,0.0,10.0,0.0,5.6377241015486375,5.792633197601397,6.2065739118171885,5.811547112172138,183
2018-06-15_16-18-45,avg_seagrass,1.25,25.0,21.0,6.0,1.0,45.0,0.0,10.0,0.0,5.671801114207647,5.823971211974072,6.2345410571659645,5.841647140238982,184
2018-06-15_16-18-45,avg_seagrass,1.25,25.0,21.0,7.0,0.0,0.0,0.0,10.0,0.0,5.416679661842418,5.613471821890278,6.040673451169665,5.6148849410589365,185
2018-06-15_16-18-45,avg_seagrass,1.25,25.0,21.0,7.0,0.0,45.0,0.0,10.0,0.0,6.004368951522786,6.160207467730209,6.584187891492332,6.17634706537538,186
2018-06-15_16-18-45,avg_seagrass,1.25,25.0,21.0,7.0,1.0,0.0,0.0,10.0,0.0,5.760725259049415,5.937574226454519,6.3659581884767364,5.948138760726511,187
2018-06-15_16-18-45,avg_seagrass,1.25,25.0,21.0,7.0,1.0,45.0,0.0,10.0,0.0,5.792749425481602,5.966663624225771,6.3911814313635675,5.975939540259457,188
2018-06-15_16-18-45,avg_seagrass,1.25,25.0,21.0,15.0,0.0,0.0,0.0,10.0,0.0,6.4596683725706825,6.821066778086673,7.318239034472389,6.7424244971652225,189
2018-06-15_16-18-45,avg_seagrass,1.25,25.0,21.0,15.0,0.0,45.0,0.0,10.0,0.0,6.82204826117145,7.1372967450889275,7.629959924505677,7.076873534352473,190
2018-06-15_16-18-45,avg_seagrass,1.25,25.0,21.0,15.0,1.0,0.0,0.0,10.0,0.0,6.681686590760138,7.01806244797542,7.518080246232323,6.95194480729303,191
2018-06-15_16-18-45,avg_seagrass,1.25,25.0,21.0,15.0,1.0,45.0,0.0,10.0,0.0,6.700487378418595,7.033146075870409,7.5262349595382965,6.965474332994199,192
2018-06-15_16-18-45,avg_seagrass,1.25,45.0,4.0,2.0,0.0,0.0,0.0,10.0,0.0,1.8929601964080285,2.065246706668557,2.5823985097538618,2.0880789695354207,193
2018-06-15_16-18-45,avg_seagrass,1.25,45.0,4.0,2.0,0.0,45.0,0.0,10.0,0.0,2.2322665340501247,2.4042072485201698,2.955980720799878,2.426323624203324,194
2018-06-15_16-18-45,avg_seagrass,1.25,45.0,4.0,2.0,1.0,0.0,0.0,10.0,0.0,2.105001672186473,2.2778681433542443,2.817775899221717,2.3018834995628428,195
2018-06-15_16-18-45,avg_seagrass,1.25,45.0,4.0,2.0,1.0,45.0,0.0,10.0,0.0,2.1259504397767293,2.297286677909004,2.834466548939978,2.3193811908550965,196
2018-06-15_16-18-45,avg_seagrass,1.25,45.0,4.0,6.0,0.0,0.0,0.0,10.0,0.0,2.3231341735198043,2.5773207072440014,3.143811774546715,2.562842955489648,197
2018-06-15_16-18-45,avg_seagrass,1.25,45.0,4.0,6.0,0.0,45.0,0.0,10.0,0.0,2.6588951957901545,2.9004200871971184,3.475621668136601,2.8856615807966333,198
2018-06-15_16-18-45,avg_seagrass,1.25,45.0,4.0,6.0,1.0,0.0,0.0,10.0,0.0,2.53337031898534,2.781206865429504,3.357189829283002,2.7682669731041245,199
2018-06-15_16-18-45,avg_seagrass,1.25,45.0,4.0,6.0,1.0,45.0,0.0,10.0,0.0,2.5530532990525274,2.7984638062086624,3.3685464616476484,2.783433755153575,200
2018-06-15_16-18-45,avg_seagrass,1.25,45.0,4.0,7.0,0.0,0.0,0.0,10.0,0.0,2.430442375510562,2.7038804680504227,3.278325433718716,2.6793711923305814,201
2018-06-15_16-18-45,avg_seagrass,1.25,45.0,4.0,7.0,0.0,45.0,0.0,10.0,0.0,2.757625461843567,3.015206594505951,3.5935522180629764,2.9910917207589462,202
2018-06-15_16-18-45,avg_seagrass,1.25,45.0,4.0,7.0,1.0,0.0,0.0,10.0,0.0,2.635742871254023,2.9010015703872902,3.482496739278448,2.8784403184149325,203
2018-06-15_16-18-45,avg_seagrass,1.25,45.0,4.0,7.0,1.0,45.0,0.0,10.0,0.0,2.654731100522828,2.917343244534923,3.4923633518873243,2.89270985187217,204
2018-06-15_16-18-45,avg_seagrass,1.25,45.0,4.0,15.0,0.0,0.0,0.0,10.0,0.0,3.2508335345729704,3.65698130678312,4.24308669729354,3.5500468888458663,205
2018-06-15_16-18-45,avg_seagrass,1.25,45.0,4.0,15.0,0.0,45.0,0.0,10.0,0.0,3.4780654180326698,3.8532307820146063,4.423307750978204,3.751728209740734,206
2018-06-15_16-18-45,avg_seagrass,1.25,45.0,4.0,15.0,1.0,0.0,0.0,10.0,0.0,3.3965175371821408,3.7852809164351915,4.368799455032967,3.683519030980978,207
2018-06-15_16-18-45,avg_seagrass,1.25,45.0,4.0,15.0,1.0,45.0,0.0,10.0,0.0,3.40893216242951,3.79397701026597,4.367861327219004,3.690406415507861,208
2018-06-15_16-18-45,avg_seagrass,1.25,45.0,10.0,2.0,0.0,0.0,0.0,10.0,0.0,3.0014728711198626,3.177118253294112,3.690029540261516,3.197664561055291,209
2018-06-15_16-18-45,avg_seagrass,1.25,45.0,10.0,2.0,0.0,45.0,0.0,10.0,0.0,3.5132238588712985,3.6806148803252055,4.221378699852507,3.7036464559629336,210
2018-06-15_16-18-45,avg_seagrass,1.25,45.0,10.0,2.0,1.0,0.0,0.0,10.0,0.0,3.3074079997840427,3.479482956702625,4.0098952758779705,3.5028123990001636,211
2018-06-15_16-18-45,avg_seagrass,1.25,45.0,10.0,2.0,1.0,45.0,0.0,10.0,0.0,3.3378602528375323,3.5081397707723014,4.035495462952629,3.5296520929630057,212
2018-06-15_16-18-45,avg_seagrass,1.25,45.0,10.0,6.0,0.0,0.0,0.0,10.0,0.0,3.4954589794383115,3.75602508192668,4.313527580864095,3.7373995110816582,213
2018-06-15_16-18-45,avg_seagrass,1.25,45.0,10.0,6.0,0.0,45.0,0.0,10.0,0.0,3.9551296392618567,4.193668835361119,4.756414859525607,4.179582893865078,214
2018-06-15_16-18-45,avg_seagrass,1.25,45.0,10.0,6.0,1.0,0.0,0.0,10.0,0.0,3.77390989083482,4.023435138470807,4.587947010448847,4.008914026631781,215
2018-06-15_16-18-45,avg_seagrass,1.25,45.0,10.0,6.0,1.0,45.0,0.0,10.0,0.0,3.8001189496488013,4.046867568647873,4.605420235792659,4.030442751310615,216
2018-06-15_16-18-45,avg_seagrass,1.25,45.0,10.0,7.0,0.0,0.0,0.0,10.0,0.0,3.617089020243241,3.897269120908138,4.461885298536814,3.8684125619992615,217
2018-06-15_16-18-45,avg_seagrass,1.25,45.0,10.0,7.0,0.0,45.0,0.0,10.0,0.0,4.058392742208774,4.313854112737055,4.8799985200756035,4.290189485305927,218
2018-06-15_16-18-45,avg_seagrass,1.25,45.0,10.0,7.0,1.0,0.0,0.0,10.0,0.0,3.885205365320069,4.152969229370601,4.7228300677375845,4.128585991384346,219
2018-06-15_16-18-45,avg_seagrass,1.25,45.0,10.0,7.0,1.0,45.0,0.0,10.0,0.0,3.910098911070104,4.175199549466788,4.7383631348856285,4.148768599971898,220
2018-06-15_16-18-45,avg_seagrass,1.25,45.0,10.0,15.0,0.0,0.0,0.0,10.0,0.0,4.539260740474858,4.956786967758672,5.527079984398081,4.843093876307327,221
2018-06-15_16-18-45,avg_seagrass,1.25,45.0,10.0,15.0,0.0,45.0,0.0,10.0,0.0,4.827840954282341,5.208130415654353,5.767166082921432,5.104669341296739,222
2018-06-15_16-18-45,avg_seagrass,1.25,45.0,10.0,15.0,1.0,0.0,0.0,10.0,0.0,4.720531428114124,5.117456182692156,5.6881930643089875,5.011755550466421,223
2018-06-15_16-18-45,avg_seagrass,1.25,45.0,10.0,15.0,1.0,45.0,0.0,10.0,0.0,4.73594432054909,5.128927094122571,5.6902731049591795,5.021566506747228,224
2018-06-15_16-18-45,avg_seagrass,1.25,45.0,14.0,2.0,0.0,0.0,0.0,10.0,0.0,3.7332597136996095,3.910236124052632,4.417644349250415,3.929215604703221,225
2018-06-15_16-18-45,avg_seagrass,1.25,45.0,14.0,2.0,0.0,45.0,0.0,10.0,0.0,4.3506021203433685,4.513912406305662,5.043594514957363,4.537416234165934,226
2018-06-15_16-18-45,avg_seagrass,1.25,45.0,14.0,2.0,1.0,0.0,0.0,10.0,0.0,4.0926254664369575,4.263562493343101,4.78398980766002,4.286068580842943,227
2018-06-15_16-18-45,avg_seagrass,1.25,45.0,14.0,2.0,1.0,45.0,0.0,10.0,0.0,4.128612997297458,4.2976099694784065,4.814872460912119,4.318377303514481,228
2018-06-15_16-18-45,avg_seagrass,1.25,45.0,14.0,6.0,0.0,0.0,0.0,10.0,0.0,4.259816188399195,4.5250596343646805,5.078732671054057,4.503529636935643,229
2018-06-15_16-18-45,avg_seagrass,1.25,45.0,14.0,6.0,0.0,45.0,0.0,10.0,0.0,4.792215747677485,5.029059357775126,5.586668856683871,5.015406221697228,230
2018-06-15_16-18-45,avg_seagrass,1.25,45.0,14.0,6.0,1.0,0.0,0.0,10.0,0.0,4.575965867142751,4.827257422333831,5.387189438767731,4.811533340470501,231
2018-06-15_16-18-45,avg_seagrass,1.25,45.0,14.0,6.0,1.0,45.0,0.0,10.0,0.0,4.605908126431649,4.8536712388716365,5.407828497996137,4.836502959184061,232
2018-06-15_16-18-45,avg_seagrass,1.25,45.0,14.0,7.0,0.0,0.0,0.0,10.0,0.0,4.391219585976748,4.676010864345979,5.235822162221496,4.6442480284477305,233
2018-06-15_16-18-45,avg_seagrass,1.25,45.0,14.0,7.0,0.0,45.0,0.0,10.0,0.0,4.897882739433332,5.152319223189013,5.712806877439707,5.1288494420567385,234
2018-06-15_16-18-45,avg_seagrass,1.25,45.0,14.0,7.0,1.0,0.0,0.0,10.0,0.0,4.6930450873800424,4.963649442858415,5.527746363848288,4.937569492850519,235
2018-06-15_16-18-45,avg_seagrass,1.25,45.0,14.0,7.0,1.0,45.0,0.0,10.0,0.0,4.721841441182363,4.988809623702792,5.546687884174218,4.961118281966137,236
2018-06-15_16-18-45,avg_seagrass,1.25,45.0,14.0,15.0,0.0,0.0,0.0,10.0,0.0,5.36719640884994,5.7906530159221585,6.353337122438783,5.673216411724906,237
2018-06-15_16-18-45,avg_seagrass,1.25,45.0,14.0,15.0,0.0,45.0,0.0,10.0,0.0,5.689772342200985,6.0722957843352985,6.626492749709523,5.967922105099232,238
2018-06-15_16-18-45,avg_seagrass,1.25,45.0,14.0,15.0,1.0,0.0,0.0,10.0,0.0,5.567424723032677,5.968580910456545,6.533369726252902,5.8606633532620025,239
2018-06-15_16-18-45,avg_seagrass,1.25,45.0,14.0,15.0,1.0,45.0,0.0,10.0,0.0,5.584460010402315,5.981550786353862,6.537083717676843,5.872068747144788,240
2018-06-15_16-18-45,avg_seagrass,1.25,45.0,21.0,2.0,0.0,0.0,0.0,10.0,0.0,4.991517509254666,5.169047723488728,5.68570829595124,5.1890037907165585,241
2018-06-15_16-18-45,avg_seagrass,1.25,45.0,21.0,2.0,0.0,45.0,0.0,10.0,0.0,5.769876445706391,5.920325490768566,6.459073454068988,5.952013031548816,242
2018-06-15_16-18-45,avg_seagrass,1.25,45.0,21.0,2.0,1.0,0.0,0.0,10.0,0.0,5.426128689604219,5.5964807091663005,6.124562042704719,5.6208143308112515,243
2018-06-15_16-18-45,avg_seagrass,1.25,45.0,21.0,2.0,1.0,45.0,0.0,10.0,0.0,5.468619438339768,5.638250932513278,6.1614791127984905,5.660330410468936,244
2018-06-15_16-18-45,avg_seagrass,1.25,45.0,21.0,6.0,0.0,0.0,0.0,10.0,0.0,5.5857747996907285,5.856015872951763,6.404132409098468,5.831235341027787,245
2018-06-15_16-18-45,avg_seagrass,1.25,45.0,21.0,6.0,0.0,45.0,0.0,10.0,0.0,6.230273667182938,6.46339148980275,7.012882484432316,6.451029654310077,246
2018-06-15_16-18-45,avg_seagrass,1.25,45.0,21.0,6.0,1.0,0.0,0.0,10.0,0.0,5.957979765581921,6.210961009608287,6.7639794189599085,6.193906570611326,247
2018-06-15_16-18-45,avg_seagrass,1.25,45.0,21.0,6.0,1.0,45.0,0.0,10.0,0.0,5.993189167447298,6.2428658820690135,6.789686462229889,6.2241656072634655,248
2018-06-15_16-18-45,avg_seagrass,1.25,45.0,21.0,7.0,0.0,0.0,0.0,10.0,0.0,5.726749464125409,6.017849553921522,6.571629601865555,5.982029547653641,249
2018-06-15_16-18-45,avg_seagrass,1.25,45.0,21.0,7.0,0.0,45.0,0.0,10.0,0.0,6.3360366089283415,6.587344385939101,7.140507819471919,6.564989361320336,250
2018-06-15_16-18-45,avg_seagrass,1.25,45.0,21.0,7.0,1.0,0.0,0.0,10.0,0.0,6.0813200089148625,6.353446951380332,6.911447897314107,6.326082761204662,251
2018-06-15_16-18-45,avg_seagrass,1.25,45.0,21.0,7.0,1.0,45.0,0.0,10.0,0.0,6.114389657399874,6.382972220768245,6.934360363153349,6.354014393121513,252
2018-06-15_16-18-45,avg_seagrass,1.25,45.0,21.0,15.0,0.0,0.0,0.0,10.0,0.0,6.781053490349487,7.214229600099636,7.765716040666004,7.0905456769409865,253
2018-06-15_16-18-45,avg_seagrass,1.25,45.0,21.0,15.0,0.0,45.0,0.0,10.0,0.0,7.1543799299145485,7.541127358535576,8.088418349416523,7.434808113061933,254
2018-06-15_16-18-45,avg_seagrass,1.25,45.0,21.0,15.0,1.0,0.0,0.0,10.0,0.0,7.008628827721629,7.41718999679069,7.973394310264688,7.3052286842173375,255
2018-06-15_16-18-45,avg_seagrass,1.25,45.0,21.0,15.0,1.0,45.0,0.0,10.0,0.0,7.028028848531803,7.43233410341933,7.9794036816502,7.318938964117299,256
2018-06-15_16-18-45,avg_hardpan,1.25,7.0,4.0,2.0,0.0,0.0,0.0,10.0,0.0,1.2861247117170267,1.2149267444741692,1.3390978470135946,1.2637477420850327,257
2018-06-15_16-18-45,avg_hardpan,1.25,7.0,4.0,2.0,0.0,45.0,0.0,10.0,0.0,1.5280207243666062,1.4387924705499062,1.572850652774364,1.4963152285847714,258
2018-06-15_16-18-45,avg_hardpan,1.25,7.0,4.0,2.0,1.0,0.0,0.0,10.0,0.0,1.4406941421243686,1.358766242006132,1.488244834831964,1.4130155284006165,259
2018-06-15_16-18-45,avg_hardpan,1.25,7.0,4.0,2.0,1.0,45.0,0.0,10.0,0.0,1.4565455043677928,1.3730163010481122,1.5031110436713344,1.4275977789637844,260
2018-06-15_16-18-45,avg_hardpan,1.25,7.0,4.0,6.0,0.0,0.0,0.0,10.0,0.0,1.685433814559968,1.7054725001560178,1.928296130869283,1.7463011051459598,261
2018-06-15_16-18-45,avg_hardpan,1.25,7.0,4.0,6.0,0.0,45.0,0.0,10.0,0.0,1.9484507230103891,1.951351588260732,2.181199117881706,1.9993899775395805,262
2018-06-15_16-18-45,avg_hardpan,1.25,7.0,4.0,6.0,1.0,0.0,0.0,10.0,0.0,1.8532768588952488,1.8633282825064441,2.090855701907693,1.90933877623776,263
2018-06-15_16-18-45,avg_hardpan,1.25,7.0,4.0,6.0,1.0,45.0,0.0,10.0,0.0,1.8690925127204416,1.8776592526399185,2.104467137844677,1.923138886070152,264
2018-06-15_16-18-45,avg_hardpan,1.25,7.0,4.0,7.0,0.0,0.0,0.0,10.0,0.0,1.7853051477028787,1.828278887858644,2.0743119791525424,1.8654270542919615,265
2018-06-15_16-18-45,avg_hardpan,1.25,7.0,4.0,7.0,0.0,45.0,0.0,10.0,0.0,2.045060089371632,2.069858366716771,2.3214662848713243,2.114119832931598,266
2018-06-15_16-18-45,avg_hardpan,1.25,7.0,4.0,7.0,1.0,0.0,0.0,10.0,0.0,1.9513371978694856,1.983710101011022,2.233889690181738,2.0261395145331123,267
2018-06-15_16-18-45,avg_hardpan,1.25,7.0,4.0,7.0,1.0,45.0,0.0,10.0,0.0,1.966684796560612,1.9974961415463093,2.2465516555423384,2.0392222484820275,268
2018-06-15_16-18-45,avg_hardpan,1.25,7.0,4.0,15.0,0.0,0.0,0.0,10.0,0.0,2.5502805645364304,2.7663992072838965,3.1635875657147667,2.7545847035850533,269
2018-06-15_16-18-45,avg_hardpan,1.25,7.0,4.0,15.0,0.0,45.0,0.0,10.0,0.0,2.740032511150569,2.931541606685822,3.3247807509913434,2.926785004699401,270
2018-06-15_16-18-45,avg_hardpan,1.25,7.0,4.0,15.0,1.0,0.0,0.0,10.0,0.0,2.6738196879120566,2.875340578474602,3.2733901299364643,2.8698032847966446,271
2018-06-15_16-18-45,avg_hardpan,1.25,7.0,4.0,15.0,1.0,45.0,0.0,10.0,0.0,2.6838249906511344,2.8832235955945595,3.2769201145511726,2.8759780430398814,272
2018-06-15_16-18-45,avg_hardpan,1.25,7.0,10.0,2.0,0.0,0.0,0.0,10.0,0.0,2.403547824830994,2.341103499320635,2.468085741219161,2.387715517374329,273
2018-06-15_16-18-45,avg_hardpan,1.25,7.0,10.0,2.0,0.0,45.0,0.0,10.0,0.0,2.8271383447303684,2.739399360619646,2.867489093850996,2.7948329944640595,274
2018-06-15_16-18-45,avg_hardpan,1.25,7.0,10.0,2.0,1.0,0.0,0.0,10.0,0.0,2.6620080658197725,2.585755562978732,2.7125191032201914,2.6374120423277767,275
2018-06-15_16-18-45,avg_hardpan,1.25,7.0,10.0,2.0,1.0,45.0,0.0,10.0,0.0,2.6882901425891985,2.6103396578029354,2.737419880822113,2.662275073876477,276
2018-06-15_16-18-45,avg_hardpan,1.25,7.0,10.0,6.0,0.0,0.0,0.0,10.0,0.0,2.878993857090161,2.9152233669601966,3.136702494815629,2.9495288511690214,277
2018-06-15_16-18-45,avg_hardpan,1.25,7.0,10.0,6.0,0.0,45.0,0.0,10.0,0.0,3.278048456005656,3.286998812185929,3.5064125143190297,3.3303217116531334,278
2018-06-15_16-18-45,avg_hardpan,1.25,7.0,10.0,6.0,1.0,0.0,0.0,10.0,0.0,3.124631282678469,3.1458087798645025,3.3665781083669555,3.1860804293617586,279
2018-06-15_16-18-45,avg_hardpan,1.25,7.0,10.0,6.0,1.0,45.0,0.0,10.0,0.0,3.147833774175872,3.1672160603206367,3.386868990096886,3.206966119582316,280
2018-06-15_16-18-45,avg_hardpan,1.25,7.0,10.0,7.0,0.0,0.0,0.0,10.0,0.0,2.9961550327000763,3.0564340127529595,3.2998346483389014,3.0861779618767518,281
2018-06-15_16-18-45,avg_hardpan,1.25,7.0,10.0,7.0,0.0,45.0,0.0,10.0,0.0,3.3820632512284927,3.41350735025538,3.653880426931458,3.4526858837702723,282
2018-06-15_16-18-45,avg_hardpan,1.25,7.0,10.0,7.0,1.0,0.0,0.0,10.0,0.0,3.2344968416010103,3.2787685234077517,3.5212246882511,3.3149040366269795,283
2018-06-15_16-18-45,avg_hardpan,1.25,7.0,10.0,7.0,1.0,45.0,0.0,10.0,0.0,3.2566509160821213,3.299029654005341,3.5399599362757725,3.334484830285505,284
2018-06-15_16-18-45,avg_hardpan,1.25,7.0,10.0,15.0,0.0,0.0,0.0,10.0,0.0,3.883117641287124,4.122220876411955,4.504271852573993,4.09728039193863,285
2018-06-15_16-18-45,avg_hardpan,1.25,7.0,10.0,15.0,0.0,45.0,0.0,10.0,0.0,4.142752299861315,4.347563899910519,4.722631727832491,4.334139600292682,286
2018-06-15_16-18-45,avg_hardpan,1.25,7.0,10.0,15.0,1.0,0.0,0.0,10.0,0.0,4.048168582804882,4.267258240801431,4.6483477141410425,4.251218252039916,287
2018-06-15_16-18-45,avg_hardpan,1.25,7.0,10.0,15.0,1.0,45.0,0.0,10.0,0.0,4.061786366527293,4.278363646357228,4.655035024496403,4.260761076841194,288
2018-06-15_16-18-45,avg_hardpan,1.25,7.0,14.0,2.0,0.0,0.0,0.0,10.0,0.0,3.1388408396608987,3.0805687316694343,3.2092100167015256,3.12619441904916,289
2018-06-15_16-18-45,avg_hardpan,1.25,7.0,14.0,2.0,0.0,45.0,0.0,10.0,0.0,3.6732767127675587,3.5846948908091227,3.709231349029367,3.6394614064155824,290
2018-06-15_16-18-45,avg_hardpan,1.25,7.0,14.0,2.0,1.0,0.0,0.0,10.0,0.0,3.4559966211180693,3.3821869376687963,3.507907794205339,3.432767183185772,291
2018-06-15_16-18-45,avg_hardpan,1.25,7.0,14.0,2.0,1.0,45.0,0.0,10.0,0.0,3.488288275027216,3.412722235407548,3.538592427430677,3.463553280764044,292
2018-06-15_16-18-45,avg_hardpan,1.25,7.0,14.0,6.0,0.0,0.0,0.0,10.0,0.0,3.6524641299735343,3.695944854507343,3.9174176044255264,3.7274250931079336,293
2018-06-15_16-18-45,avg_hardpan,1.25,7.0,14.0,6.0,0.0,45.0,0.0,10.0,0.0,4.129222117064521,4.138776894762303,4.3537980670439556,4.180844664552438,294
2018-06-15_16-18-45,avg_hardpan,1.25,7.0,14.0,6.0,1.0,0.0,0.0,10.0,0.0,3.9399273045909844,3.9654059852633083,4.183852897725658,4.003522255223244,295
2018-06-15_16-18-45,avg_hardpan,1.25,7.0,14.0,6.0,1.0,45.0,0.0,10.0,0.0,3.9671486790307737,3.9905675606393394,4.2076820611163885,4.028208280419965,296
2018-06-15_16-18-45,avg_hardpan,1.25,7.0,14.0,7.0,0.0,0.0,0.0,10.0,0.0,3.778046725253768,3.8461837349484815,4.090291336965154,3.8729851964469435,297
2018-06-15_16-18-45,avg_hardpan,1.25,7.0,14.0,7.0,0.0,45.0,0.0,10.0,0.0,4.2356249782297875,4.268648027420468,4.50466294893184,4.30622168760267,298
2018-06-15_16-18-45,avg_hardpan,1.25,7.0,14.0,7.0,1.0,0.0,0.0,10.0,0.0,4.0552534824660915,4.1041647066735045,4.344559145204667,4.138029876548391,299
2018-06-15_16-18-45,avg_hardpan,1.25,7.0,14.0,7.0,1.0,45.0,0.0,10.0,0.0,4.081460150536962,4.128254240131789,4.367178737723196,4.161583946698788,300
2018-06-15_16-18-45,avg_hardpan,1.25,7.0,14.0,15.0,0.0,0.0,0.0,10.0,0.0,4.7266407522377065,4.9771085564592985,5.354378372815475,4.94592252843856,301
2018-06-15_16-18-45,avg_hardpan,1.25,7.0,14.0,15.0,0.0,45.0,0.0,10.0,0.0,5.0238424607271845,5.234662961156238,5.603670596532688,5.217575877625844,302
2018-06-15_16-18-45,avg_hardpan,1.25,7.0,14.0,15.0,1.0,0.0,0.0,10.0,0.0,4.913081212427909,5.140813284779988,5.516514020974735,5.119956559494646,303
2018-06-15_16-18-45,avg_hardpan,1.25,7.0,14.0,15.0,1.0,45.0,0.0,10.0,0.0,4.928560923749759,5.153582399629206,5.524780378444865,5.131232416529596,304
2018-06-15_16-18-45,avg_hardpan,1.25,7.0,21.0,2.0,0.0,0.0,0.0,10.0,0.0,4.414213105124419,4.361459741955503,4.490843214027946,4.405387946380209,305
2018-06-15_16-18-45,avg_hardpan,1.25,7.0,21.0,2.0,0.0,45.0,0.0,10.0,0.0,5.1261446507183095,5.03437054113538,5.150729295074274,5.088044883861182,306
2018-06-15_16-18-45,avg_hardpan,1.25,7.0,21.0,2.0,1.0,0.0,0.0,10.0,0.0,4.818708249294894,4.747993277907935,4.870593732824611,4.796759492579094,307
2018-06-15_16-18-45,avg_hardpan,1.25,7.0,21.0,2.0,1.0,45.0,0.0,10.0,0.0,4.860107029500747,4.787519379162875,4.910062323070401,4.836524813698129,308
2018-06-15_16-18-45,avg_hardpan,1.25,7.0,21.0,6.0,0.0,0.0,0.0,10.0,0.0,4.98456969185853,5.039192603216257,5.262474110353682,5.066685849450499,309
2018-06-15_16-18-45,avg_hardpan,1.25,7.0,21.0,6.0,0.0,45.0,0.0,10.0,0.0,5.581283721069781,5.591455458095285,5.801164859619554,5.632049888163703,310
2018-06-15_16-18-45,avg_hardpan,1.25,7.0,21.0,6.0,1.0,0.0,0.0,10.0,0.0,5.333382300579237,5.365964768308109,5.582957995694877,5.401078509174492,311
2018-06-15_16-18-45,avg_hardpan,1.25,7.0,21.0,6.0,1.0,45.0,0.0,10.0,0.0,5.366538602167451,5.396779770630414,5.612184792031282,5.431453195512319,312
2018-06-15_16-18-45,avg_hardpan,1.25,7.0,21.0,7.0,0.0,0.0,0.0,10.0,0.0,5.123195775178625,5.203658598396213,5.447701842187804,5.225380760876959,313
2018-06-15_16-18-45,avg_hardpan,1.25,7.0,21.0,7.0,0.0,45.0,0.0,10.0,0.0,5.689470165221777,5.724087330579304,5.95444503080262,5.759782170213518,314
2018-06-15_16-18-45,avg_hardpan,1.25,7.0,21.0,7.0,1.0,0.0,0.0,10.0,0.0,5.456495384703734,5.513805695137732,5.751681167310416,5.54387524699837,315
2018-06-15_16-18-45,avg_hardpan,1.25,7.0,21.0,7.0,1.0,45.0,0.0,10.0,0.0,5.487661226129389,5.542494173773136,5.778389704640842,5.571989376476141,316
2018-06-15_16-18-45,avg_hardpan,1.25,7.0,21.0,15.0,0.0,0.0,0.0,10.0,0.0,6.157490371755821,6.424597312271667,6.796945641088857,6.38447567704112,317
2018-06-15_16-18-45,avg_hardpan,1.25,7.0,21.0,15.0,0.0,45.0,0.0,10.0,0.0,6.5098378735893805,6.7292624836722945,7.092022210704756,6.707339338999053,318
2018-06-15_16-18-45,avg_hardpan,1.25,7.0,21.0,15.0,1.0,0.0,0.0,10.0,0.0,6.374264390773533,6.614655727898492,6.984996582137402,6.587100192751103,319
2018-06-15_16-18-45,avg_hardpan,1.25,7.0,21.0,15.0,1.0,45.0,0.0,10.0,0.0,6.392349096543553,6.629753833036215,6.9954285063684445,6.600803726101098,320
2018-06-15_16-18-45,avg_hardpan,1.25,15.0,4.0,2.0,0.0,0.0,0.0,10.0,0.0,1.421129236128322,1.41334374845844,1.6399762366350414,1.4652315688087802,321
2018-06-15_16-18-45,avg_hardpan,1.25,15.0,4.0,2.0,0.0,45.0,0.0,10.0,0.0,1.685425631985351,1.666800805532468,1.9155951524371748,1.7270043222727252,322
2018-06-15_16-18-45,avg_hardpan,1.25,15.0,4.0,2.0,1.0,0.0,0.0,10.0,0.0,1.5893378944850178,1.5754267156021482,1.8151614818274182,1.6329595561596726,323
2018-06-15_16-18-45,avg_hardpan,1.25,15.0,4.0,2.0,1.0,45.0,0.0,10.0,0.0,1.606237143507467,1.5909704161150866,1.8313295794026452,1.6482554056592322,324
2018-06-15_16-18-45,avg_hardpan,1.25,15.0,4.0,6.0,0.0,0.0,0.0,10.0,0.0,1.826918340805077,1.910453788212044,2.23207737191407,1.9462157125158719,325
2018-06-15_16-18-45,avg_hardpan,1.25,15.0,4.0,6.0,0.0,45.0,0.0,10.0,0.0,2.106693052450868,2.1764793537511644,2.5109687221310266,2.218312811713869,326
2018-06-15_16-18-45,avg_hardpan,1.25,15.0,4.0,6.0,1.0,0.0,0.0,10.0,0.0,2.00478509354373,2.080658334073324,2.4112234415403258,2.1212811447632265,327
2018-06-15_16-18-45,avg_hardpan,1.25,15.0,4.0,6.0,1.0,45.0,0.0,10.0,0.0,2.021405887185008,2.095698255121576,2.4249072403578342,2.135277793652368,328
2018-06-15_16-18-45,avg_hardpan,1.25,15.0,4.0,7.0,0.0,0.0,0.0,10.0,0.0,1.9283618240986813,2.0343706627821545,2.3773367052639536,2.0645087889356692,329
2018-06-15_16-18-45,avg_hardpan,1.25,15.0,4.0,7.0,0.0,45.0,0.0,10.0,0.0,2.203647651475794,2.2941657345898787,2.6474059610741048,2.3302746950884474,330
2018-06-15_16-18-45,avg_hardpan,1.25,15.0,4.0,7.0,1.0,0.0,0.0,10.0,0.0,2.1036696314525103,2.2010113176358788,2.551761160336623,2.2360739510913,331
2018-06-15_16-18-45,avg_hardpan,1.25,15.0,4.0,7.0,1.0,45.0,0.0,10.0,0.0,2.1197780660804417,2.215403588418852,2.564266449200165,2.249280295314565,332
2018-06-15_16-18-45,avg_hardpan,1.25,15.0,4.0,15.0,0.0,0.0,0.0,10.0,0.0,2.7052469385371536,2.9758619858133137,3.445130799486862,2.9450681753554293,333
2018-06-15_16-18-45,avg_hardpan,1.25,15.0,4.0,15.0,0.0,45.0,0.0,10.0,0.0,2.903554813899229,3.148886137396804,3.6136606037848966,3.124576122098341,334
2018-06-15_16-18-45,avg_hardpan,1.25,15.0,4.0,15.0,1.0,0.0,0.0,10.0,0.0,2.833911763532684,3.089859457710177,3.5606750896649224,3.0650920220783506,335
2018-06-15_16-18-45,avg_hardpan,1.25,15.0,4.0,15.0,1.0,45.0,0.0,10.0,0.0,2.844475070827304,3.097885372026413,3.563154542454623,3.0712292510415224,336
2018-06-15_16-18-45,avg_hardpan,1.25,15.0,10.0,2.0,0.0,0.0,0.0,10.0,0.0,2.536193857525036,2.5352218532696336,2.761982469452806,2.584544361037361,337
2018-06-15_16-18-45,avg_hardpan,1.25,15.0,10.0,2.0,0.0,45.0,0.0,10.0,0.0,2.9801216614392034,2.960473364921105,3.1999045052933206,3.0189294372266318,338
2018-06-15_16-18-45,avg_hardpan,1.25,15.0,10.0,2.0,1.0,0.0,0.0,10.0,0.0,2.8059729387546706,2.7951479906692414,3.028678711256769,2.8501385146516385,339
2018-06-15_16-18-45,avg_hardpan,1.25,15.0,10.0,2.0,1.0,45.0,0.0,10.0,0.0,2.8330783519682767,2.820753156067718,3.0545253456112587,2.875473047896502,340
2018-06-15_16-18-45,avg_hardpan,1.25,15.0,10.0,6.0,0.0,0.0,0.0,10.0,0.0,3.0149272037719084,3.1109528435676785,3.427272863095916,3.1404471537999554,341
2018-06-15_16-18-45,avg_hardpan,1.25,15.0,10.0,6.0,0.0,45.0,0.0,10.0,0.0,3.4279065650729854,3.499739573320704,3.8200536944159817,3.5380294430697523,342
2018-06-15_16-18-45,avg_hardpan,1.25,15.0,10.0,6.0,1.0,0.0,0.0,10.0,0.0,3.2682977123755115,3.3513492859946745,3.671161401440503,3.387004667820148,343
2018-06-15_16-18-45,avg_hardpan,1.25,15.0,10.0,6.0,1.0,45.0,0.0,10.0,0.0,3.2921003230663715,3.373224124720664,3.691295352110232,3.4079069203392147,344
2018-06-15_16-18-45,avg_hardpan,1.25,15.0,10.0,7.0,0.0,0.0,0.0,10.0,0.0,3.1329133230003188,3.2522197587275468,3.58836186863952,3.275391519659312,345
2018-06-15_16-18-45,avg_hardpan,1.25,15.0,10.0,7.0,0.0,45.0,0.0,10.0,0.0,3.531466386832421,3.6244988848758855,3.962745469092382,3.656843661249796,346
2018-06-15_16-18-45,avg_hardpan,1.25,15.0,10.0,7.0,1.0,0.0,0.0,10.0,0.0,3.3783257050523807,3.4834097366860046,3.8223526781170025,3.513120936247573,347
2018-06-15_16-18-45,avg_hardpan,1.25,15.0,10.0,7.0,1.0,45.0,0.0,10.0,0.0,3.400998963906958,3.5040509459012665,3.840773368801752,3.5326521626579943,348
2018-06-15_16-18-45,avg_hardpan,1.25,15.0,10.0,15.0,0.0,0.0,0.0,10.0,0.0,4.026648512009291,4.315907786551594,4.767435803546422,4.2737065134207,349
2018-06-15_16-18-45,avg_hardpan,1.25,15.0,10.0,15.0,0.0,45.0,0.0,10.0,0.0,4.2927791583076464,4.547789908218191,4.993291056317732,4.516883671871463,350
2018-06-15_16-18-45,avg_hardpan,1.25,15.0,10.0,15.0,1.0,0.0,0.0,10.0,0.0,4.195398112452475,4.465014175937856,4.9172035196864785,4.431684845829269,351
2018-06-15_16-18-45,avg_hardpan,1.25,15.0,10.0,15.0,1.0,45.0,0.0,10.0,0.0,4.2094027462869725,4.476182035735741,4.9227970908252665,4.441104288606881,352
2018-06-15_16-18-45,avg_hardpan,1.25,15.0,14.0,2.0,0.0,0.0,0.0,10.0,0.0,3.270669013568341,3.2731348628352785,3.5003918441641337,3.3212402539669115,353
2018-06-15_16-18-45,avg_hardpan,1.25,15.0,14.0,2.0,0.0,45.0,0.0,10.0,0.0,3.8243194679149153,3.8028726504204333,4.037212192728588,3.860829226908736,354
2018-06-15_16-18-45,avg_hardpan,1.25,15.0,14.0,2.0,1.0,0.0,0.0,10.0,0.0,3.597951687993387,3.588560791455204,3.8194460287949776,3.6424300470452677,355
2018-06-15_16-18-45,avg_hardpan,1.25,15.0,14.0,2.0,1.0,45.0,0.0,10.0,0.0,3.630975638987529,3.6199576957071873,3.8508749277169865,3.6735587811224866,356
2018-06-15_16-18-45,avg_hardpan,1.25,15.0,14.0,6.0,0.0,0.0,0.0,10.0,0.0,3.786604004872972,3.8882454330811584,4.2034722139281815,3.9151044244960587,357
2018-06-15_16-18-45,avg_hardpan,1.25,15.0,14.0,6.0,0.0,45.0,0.0,10.0,0.0,4.2759450222544135,4.3469988538818605,4.661469721993243,4.384436400427333,358
2018-06-15_16-18-45,avg_hardpan,1.25,15.0,14.0,6.0,1.0,0.0,0.0,10.0,0.0,4.080877435643736,4.166679760384444,4.482900671445709,4.200510807055961,359
2018-06-15_16-18-45,avg_hardpan,1.25,15.0,14.0,6.0,1.0,45.0,0.0,10.0,0.0,4.108440106892979,4.19207888384322,4.505758176442824,4.224855687049352,360
2018-06-15_16-18-45,avg_hardpan,1.25,15.0,14.0,7.0,0.0,0.0,0.0,10.0,0.0,3.9120266366307743,4.038346449170933,4.373513241044103,4.058296159198447,361
2018-06-15_16-18-45,avg_hardpan,1.25,15.0,14.0,7.0,0.0,45.0,0.0,10.0,0.0,4.381504048503325,4.474800404844877,4.8075280695303215,4.506077558721728,362
2018-06-15_16-18-45,avg_hardpan,1.25,15.0,14.0,7.0,1.0,0.0,0.0,10.0,0.0,4.19591424051626,4.304357471572287,4.639998818633306,4.3321545572732685,363
2018-06-15_16-18-45,avg_hardpan,1.25,15.0,14.0,7.0,1.0,45.0,0.0,10.0,0.0,4.222054665456886,4.328562218754462,4.661641699802288,4.355118026232433,364
2018-06-15_16-18-45,avg_hardpan,1.25,15.0,14.0,15.0,0.0,0.0,0.0,10.0,0.0,4.8666685384926645,5.16538176001725,5.610533445363622,5.1175195039360215,365
2018-06-15_16-18-45,avg_hardpan,1.25,15.0,14.0,15.0,0.0,45.0,0.0,10.0,0.0,5.169550885751197,5.428957909341174,5.867599207001405,5.395185960130046,366
2018-06-15_16-18-45,avg_hardpan,1.25,15.0,14.0,15.0,1.0,0.0,0.0,10.0,0.0,5.056287802205829,5.3327905887452784,5.778380226528944,5.295343019181423,367
2018-06-15_16-18-45,avg_hardpan,1.25,15.0,14.0,15.0,1.0,45.0,0.0,10.0,0.0,5.072093512833758,5.345530236692341,5.785544181240934,5.306449110416897,368
2018-06-15_16-18-45,avg_hardpan,1.25,15.0,21.0,2.0,0.0,0.0,0.0,10.0,0.0,4.542873178067789,4.548272142177603,4.767581895810884,4.593318702176048,369
2018-06-15_16-18-45,avg_hardpan,1.25,15.0,21.0,2.0,0.0,45.0,0.0,10.0,0.0,5.26982602589763,5.240128103025473,5.451523414390058,5.2957703708786115,370
2018-06-15_16-18-45,avg_hardpan,1.25,15.0,21.0,2.0,1.0,0.0,0.0,10.0,0.0,4.954302255442227,4.943568445474534,5.158567671684037,4.994214390646704,371
2018-06-15_16-18-45,avg_hardpan,1.25,15.0,21.0,2.0,1.0,45.0,0.0,10.0,0.0,4.996308050873099,4.983832768510704,5.1986053975388025,5.034243922389247,372
2018-06-15_16-18-45,avg_hardpan,1.25,15.0,21.0,6.0,0.0,0.0,0.0,10.0,0.0,5.116738935841677,5.22828390493423,5.542438382448423,5.250659691243102,373
2018-06-15_16-18-45,avg_hardpan,1.25,15.0,21.0,6.0,0.0,45.0,0.0,10.0,0.0,5.724391998277353,5.794689180985969,6.101494093245058,5.830963169773764,374
2018-06-15_16-18-45,avg_hardpan,1.25,15.0,21.0,6.0,1.0,0.0,0.0,10.0,0.0,5.471054399689589,5.5625450167705,5.8744533630392155,5.59323031943339,375
2018-06-15_16-18-45,avg_hardpan,1.25,15.0,21.0,6.0,1.0,45.0,0.0,10.0,0.0,5.504623347701348,5.593605566496597,5.903259201350112,5.6234546378528165,376
2018-06-15_16-18-45,avg_hardpan,1.25,15.0,21.0,7.0,0.0,0.0,0.0,10.0,0.0,5.255779797803464,5.3921344851382855,5.724923836070893,5.407148140855756,377
2018-06-15_16-18-45,avg_hardpan,1.25,15.0,21.0,7.0,0.0,45.0,0.0,10.0,0.0,5.83187948116163,5.925173836621347,6.249852901325817,5.954878031811668,378
2018-06-15_16-18-45,avg_hardpan,1.25,15.0,21.0,7.0,1.0,0.0,0.0,10.0,0.0,5.594067227319047,5.709044224205336,6.039390455505071,5.733031275544459,379
2018-06-15_16-18-45,avg_hardpan,1.25,15.0,21.0,7.0,1.0,45.0,0.0,10.0,0.0,5.625604172361146,5.7379032417709235,6.065542050678108,5.7609533829785,380
2018-06-15_16-18-45,avg_hardpan,1.25,15.0,21.0,15.0,0.0,0.0,0.0,10.0,0.0,6.2934445836330415,6.60652685912467,7.0437410695313805,6.550155646520544,381
2018-06-15_16-18-45,avg_hardpan,1.25,15.0,21.0,15.0,0.0,45.0,0.0,10.0,0.0,6.65031326670349,6.916678632986931,7.347128676282476,6.878676406050673,382
2018-06-15_16-18-45,avg_hardpan,1.25,15.0,21.0,15.0,1.0,0.0,0.0,10.0,0.0,6.512618399700084,6.799949984741055,7.237663364271523,6.756261605851517,383
2018-06-15_16-18-45,avg_hardpan,1.25,15.0,21.0,15.0,1.0,45.0,0.0,10.0,0.0,6.531037500935942,6.814963409577878,7.24704655159742,6.769813570996827,384
2018-06-15_16-18-45,avg_hardpan,1.25,25.0,4.0,2.0,0.0,0.0,0.0,10.0,0.0,1.583419072117517,1.6450936998412866,1.9867788802457809,1.6931225089380515,385
2018-06-15_16-18-45,avg_hardpan,1.25,25.0,4.0,2.0,0.0,45.0,0.0,10.0,0.0,1.8739030742147869,1.9306983913520424,2.3048832753190824,1.9847631490552893,386
2018-06-15_16-18-45,avg_hardpan,1.25,25.0,4.0,2.0,1.0,0.0,0.0,10.0,0.0,1.7672283707763652,1.8265681791402373,2.1881551546024487,1.8793150609037221,387
2018-06-15_16-18-45,avg_hardpan,1.25,25.0,4.0,2.0,1.0,45.0,0.0,10.0,0.0,1.7854675338338242,1.8435323513866508,2.2051533314018483,1.89535082834252,388
2018-06-15_16-18-45,avg_hardpan,1.25,25.0,4.0,6.0,0.0,0.0,0.0,10.0,0.0,1.9973661218147252,2.148285150657806,2.574312015751638,2.171325484789885,389
2018-06-15_16-18-45,avg_hardpan,1.25,25.0,4.0,6.0,0.0,45.0,0.0,10.0,0.0,2.2967611309424893,2.435884749466249,2.877667548119803,2.4628629432363995,390
2018-06-15_16-18-45,avg_hardpan,1.25,25.0,4.0,6.0,1.0,0.0,0.0,10.0,0.0,2.186746435396834,2.3314753598278237,2.7691911407442547,2.3583853434347564,391
2018-06-15_16-18-45,avg_hardpan,1.25,25.0,4.0,6.0,1.0,45.0,0.0,10.0,0.0,2.204408462322766,2.347316423202964,2.782422965079724,2.372676831952119,392
2018-06-15_16-18-45,avg_hardpan,1.25,25.0,4.0,7.0,0.0,0.0,0.0,10.0,0.0,2.1007927444434693,2.273268736364724,2.7169015850234914,2.288693404291237,393
2018-06-15_16-18-45,avg_hardpan,1.25,25.0,4.0,7.0,0.0,45.0,0.0,10.0,0.0,2.3942922885311617,2.552543717676156,3.0081675436096567,2.571979946991976,394
2018-06-15_16-18-45,avg_hardpan,1.25,25.0,4.0,7.0,1.0,0.0,0.0,10.0,0.0,2.286777343176881,2.4516578406219947,2.905108442276102,2.471066316987184,395
2018-06-15_16-18-45,avg_hardpan,1.25,25.0,4.0,7.0,1.0,45.0,0.0,10.0,0.0,2.303863300453465,2.466737804158448,2.9169893090520547,2.484515252591613,396
2018-06-15_16-18-45,avg_hardpan,1.25,25.0,4.0,15.0,0.0,0.0,0.0,10.0,0.0,2.892580020414057,3.2186283247042358,3.7517614970708286,3.162286784942212,397
2018-06-15_16-18-45,avg_hardpan,1.25,25.0,4.0,15.0,0.0,45.0,0.0,10.0,0.0,3.1010079558018657,3.4002081093663823,3.9261794812967388,3.3497441050482863,398
2018-06-15_16-18-45,avg_hardpan,1.25,25.0,4.0,15.0,1.0,0.0,0.0,10.0,0.0,3.027268723184791,3.3380019655852347,3.8722330421558655,3.287331644678354,399
2018-06-15_16-18-45,avg_hardpan,1.25,25.0,4.0,15.0,1.0,45.0,0.0,10.0,0.0,3.038425889116397,3.3462075385633336,3.8733393729896815,3.293556166491166,400
2018-06-15_16-18-45,avg_hardpan,1.25,25.0,10.0,2.0,0.0,0.0,0.0,10.0,0.0,2.695993243693422,2.7628504211764007,3.1024335776515866,2.808244590774123,401
2018-06-15_16-18-45,avg_hardpan,1.25,25.0,10.0,2.0,0.0,45.0,0.0,10.0,0.0,3.1636604518501037,3.217510531792158,3.580204569409257,3.270686829930969,402
2018-06-15_16-18-45,avg_hardpan,1.25,25.0,10.0,2.0,1.0,0.0,0.0,10.0,0.0,2.9786709319135296,3.039088768839554,3.391962127084719,3.089801805901062,403
2018-06-15_16-18-45,avg_hardpan,1.25,25.0,10.0,2.0,1.0,45.0,0.0,10.0,0.0,3.006875780062562,3.065810673139209,3.4182968633524786,3.115620533730224,404
2018-06-15_16-18-45,avg_hardpan,1.25,25.0,10.0,6.0,0.0,0.0,0.0,10.0,0.0,3.1794428316063,3.3398976500812942,3.7576654071872713,3.3572821636991077,405
2018-06-15_16-18-45,avg_hardpan,1.25,25.0,10.0,6.0,0.0,45.0,0.0,10.0,0.0,3.6087022361574776,3.74706152223418,4.172736398997772,3.772024888688175,406
2018-06-15_16-18-45,avg_hardpan,1.25,25.0,10.0,6.0,1.0,0.0,0.0,10.0,0.0,3.4417523817580493,3.590707091844843,4.015196167641397,3.6138282589385597,407
2018-06-15_16-18-45,avg_hardpan,1.25,25.0,10.0,6.0,1.0,45.0,0.0,10.0,0.0,3.4663501597996462,3.613129970181913,4.034648495959371,3.6348119735706304,408
2018-06-15_16-18-45,avg_hardpan,1.25,25.0,10.0,7.0,0.0,0.0,0.0,10.0,0.0,3.29857290980223,3.4811350962969563,3.9153223928498924,3.490454503908162,409
2018-06-15_16-18-45,avg_hardpan,1.25,25.0,10.0,7.0,0.0,45.0,0.0,10.0,0.0,3.712013985965595,3.8700310534055133,4.309617914866669,3.8874147120446585,410
2018-06-15_16-18-45,avg_hardpan,1.25,25.0,10.0,7.0,1.0,0.0,0.0,10.0,0.0,3.5521478056910265,3.7216919470766863,4.161394886152626,3.7371452265771055,411
2018-06-15_16-18-45,avg_hardpan,1.25,25.0,10.0,7.0,1.0,45.0,0.0,10.0,0.0,3.575555507077264,3.742849873757274,4.179179630014747,3.756769909991464,412
2018-06-15_16-18-45,avg_hardpan,1.25,25.0,10.0,15.0,0.0,0.0,0.0,10.0,0.0,4.201545507909857,4.542782842493281,5.057601937822311,4.476919354974005,413
2018-06-15_16-18-45,avg_hardpan,1.25,25.0,10.0,15.0,0.0,45.0,0.0,10.0,0.0,4.4754018048987945,4.781819580612932,5.290190616619698,4.726830529266817,414
2018-06-15_16-18-45,avg_hardpan,1.25,25.0,10.0,15.0,1.0,0.0,0.0,10.0,0.0,4.374639601734141,4.696247508414392,5.212616875319745,4.638995052723834,415
2018-06-15_16-18-45,avg_hardpan,1.25,25.0,10.0,15.0,1.0,45.0,0.0,10.0,0.0,4.389123333823084,4.707505591903157,5.216905521114611,4.6484212860815655,416
2018-06-15_16-18-45,avg_hardpan,1.25,25.0,14.0,2.0,0.0,0.0,0.0,10.0,0.0,3.4295706790212566,3.4991603275212926,3.8380986455081407,3.5432255186431747,417
2018-06-15_16-18-45,avg_hardpan,1.25,25.0,14.0,2.0,0.0,45.0,0.0,10.0,0.0,4.00560536483124,4.0568449006210585,4.413314833515824,4.109933982750094,418
2018-06-15_16-18-45,avg_hardpan,1.25,25.0,14.0,2.0,1.0,0.0,0.0,10.0,0.0,3.768370815232167,3.8293217784409315,4.178200215740036,3.8790857689491776,419
2018-06-15_16-18-45,avg_hardpan,1.25,25.0,14.0,2.0,1.0,45.0,0.0,10.0,0.0,3.802363694442921,3.861673986097265,4.209925271422522,3.9105614539715265,420
2018-06-15_16-18-45,avg_hardpan,1.25,25.0,14.0,6.0,0.0,0.0,0.0,10.0,0.0,3.9488946029233682,4.1136040226700725,4.529689910913575,4.12877943615264,421
2018-06-15_16-18-45,avg_hardpan,1.25,25.0,14.0,6.0,0.0,45.0,0.0,10.0,0.0,4.4527796800341966,4.5898512436592735,5.0095251214331435,4.614643036437053,422
2018-06-15_16-18-45,avg_hardpan,1.25,25.0,14.0,6.0,1.0,0.0,0.0,10.0,0.0,4.2506327880335935,4.401013299316807,4.821641193744651,4.423115772720106,423
2018-06-15_16-18-45,avg_hardpan,1.25,25.0,14.0,6.0,1.0,45.0,0.0,10.0,0.0,4.279096798089207,4.427675158508942,4.84481446365392,4.4480604456287045,424
2018-06-15_16-18-45,avg_hardpan,1.25,25.0,14.0,7.0,0.0,0.0,0.0,10.0,0.0,4.074370351762358,4.263440070508453,4.695161397474645,4.2692849010812965,425
2018-06-15_16-18-45,avg_hardpan,1.25,25.0,14.0,7.0,0.0,45.0,0.0,10.0,0.0,4.557249006771733,4.715820417928363,5.148539291344365,4.731969642866224,426
2018-06-15_16-18-45,avg_hardpan,1.25,25.0,14.0,7.0,1.0,0.0,0.0,10.0,0.0,4.364864121428154,4.538750951239813,4.973436763661713,4.551557183751084,427
2018-06-15_16-18-45,avg_hardpan,1.25,25.0,14.0,7.0,1.0,45.0,0.0,10.0,0.0,4.391887319217555,4.563139823231764,4.994146273539565,4.574537260879293,428
2018-06-15_16-18-45,avg_hardpan,1.25,25.0,14.0,15.0,0.0,0.0,0.0,10.0,0.0,5.037428401423002,5.386300743083145,5.893594452748848,5.315561068963796,429
2018-06-15_16-18-45,avg_hardpan,1.25,25.0,14.0,15.0,0.0,45.0,0.0,10.0,0.0,5.347068655655964,5.656542177840798,6.1579092932172275,5.599564847879956,430
2018-06-15_16-18-45,avg_hardpan,1.25,25.0,14.0,15.0,1.0,0.0,0.0,10.0,0.0,5.230691428370529,5.5576702627222465,6.066836319987187,5.497122266371531,431
2018-06-15_16-18-45,avg_hardpan,1.25,25.0,14.0,15.0,1.0,45.0,0.0,10.0,0.0,5.246916679467262,5.570455098664899,6.07273762764229,5.508202593973189,432
2018-06-15_16-18-45,avg_hardpan,1.25,25.0,21.0,2.0,0.0,0.0,0.0,10.0,0.0,4.700639087014518,4.767176063361453,5.107570964911886,4.8128074929672815,433
2018-06-15_16-18-45,avg_hardpan,1.25,25.0,21.0,2.0,0.0,45.0,0.0,10.0,0.0,5.4463115605130366,5.47958797454401,5.825144110105388,5.538075305227702,434
2018-06-15_16-18-45,avg_hardpan,1.25,25.0,21.0,2.0,1.0,0.0,0.0,10.0,0.0,5.1168804467355145,5.169124964782684,5.507429140976137,5.2207142924257495,435
2018-06-15_16-18-45,avg_hardpan,1.25,25.0,21.0,2.0,1.0,45.0,0.0,10.0,0.0,5.159390051192959,5.2098801696744825,5.546554570780388,5.2605061261783534,436
2018-06-15_16-18-45,avg_hardpan,1.25,25.0,21.0,6.0,0.0,0.0,0.0,10.0,0.0,5.277049063130377,5.450374482854482,5.862646420585741,5.4607855150577835,437
2018-06-15_16-18-45,avg_hardpan,1.25,25.0,21.0,6.0,0.0,45.0,0.0,10.0,0.0,5.897585556613701,6.03222795301521,6.442805877258778,6.056553851730548,438
2018-06-15_16-18-45,avg_hardpan,1.25,25.0,21.0,6.0,1.0,0.0,0.0,10.0,0.0,5.6377241015486375,5.792633197601397,6.2065739118171885,5.811547112172138,439
2018-06-15_16-18-45,avg_hardpan,1.25,25.0,21.0,6.0,1.0,45.0,0.0,10.0,0.0,5.671801114207647,5.823971211974072,6.2345410571659645,5.841647140238982,440
2018-06-15_16-18-45,avg_hardpan,1.25,25.0,21.0,7.0,0.0,0.0,0.0,10.0,0.0,5.416679661842418,5.613471821890278,6.040673451169665,5.6148849410589365,441
2018-06-15_16-18-45,avg_hardpan,1.25,25.0,21.0,7.0,0.0,45.0,0.0,10.0,0.0,6.004368951522786,6.160207467730209,6.584187891492332,6.17634706537538,442
2018-06-15_16-18-45,avg_hardpan,1.25,25.0,21.0,7.0,1.0,0.0,0.0,10.0,0.0,5.760725259049415,5.937574226454519,6.3659581884767364,5.948138760726511,443
2018-06-15_16-18-45,avg_hardpan,1.25,25.0,21.0,7.0,1.0,45.0,0.0,10.0,0.0,5.792749425481602,5.966663624225771,6.3911814313635675,5.975939540259457,444
2018-06-15_16-18-45,avg_hardpan,1.25,25.0,21.0,15.0,0.0,0.0,0.0,10.0,0.0,6.4596683725706825,6.821066778086673,7.318239034472389,6.7424244971652225,445
2018-06-15_16-18-45,avg_hardpan,1.25,25.0,21.0,15.0,0.0,45.0,0.0,10.0,0.0,6.82204826117145,7.1372967450889275,7.629959924505677,7.076873534352473,446
2018-06-15_16-18-45,avg_hardpan,1.25,25.0,21.0,15.0,1.0,0.0,0.0,10.0,0.0,6.681686590760138,7.01806244797542,7.518080246232323,6.95194480729303,447
2018-06-15_16-18-45,avg_hardpan,1.25,25.0,21.0,15.0,1.0,45.0,0.0,10.0,0.0,6.700487378418595,7.033146075870409,7.5262349595382965,6.965474332994199,448
2018-06-15_16-18-45,avg_hardpan,1.25,45.0,4.0,2.0,0.0,0.0,0.0,10.0,0.0,1.8929601964080285,2.065246706668557,2.5823985097538618,2.0880789695354207,449
2018-06-15_16-18-45,avg_hardpan,1.25,45.0,4.0,2.0,0.0,45.0,0.0,10.0,0.0,2.2322665340501247,2.4042072485201698,2.955980720799878,2.426323624203324,450
2018-06-15_16-18-45,avg_hardpan,1.25,45.0,4.0,2.0,1.0,0.0,0.0,10.0,0.0,2.105001672186473,2.2778681433542443,2.817775899221717,2.3018834995628428,451
2018-06-15_16-18-45,avg_hardpan,1.25,45.0,4.0,2.0,1.0,45.0,0.0,10.0,0.0,2.1259504397767293,2.297286677909004,2.834466548939978,2.3193811908550965,452
2018-06-15_16-18-45,avg_hardpan,1.25,45.0,4.0,6.0,0.0,0.0,0.0,10.0,0.0,2.3231341735198043,2.5773207072440014,3.143811774546715,2.562842955489648,453
2018-06-15_16-18-45,avg_hardpan,1.25,45.0,4.0,6.0,0.0,45.0,0.0,10.0,0.0,2.6588951957901545,2.9004200871971184,3.475621668136601,2.8856615807966333,454
2018-06-15_16-18-45,avg_hardpan,1.25,45.0,4.0,6.0,1.0,0.0,0.0,10.0,0.0,2.53337031898534,2.781206865429504,3.357189829283002,2.7682669731041245,455
2018-06-15_16-18-45,avg_hardpan,1.25,45.0,4.0,6.0,1.0,45.0,0.0,10.0,0.0,2.5530532990525274,2.7984638062086624,3.3685464616476484,2.783433755153575,456
2018-06-15_16-18-45,avg_hardpan,1.25,45.0,4.0,7.0,0.0,0.0,0.0,10.0,0.0,2.430442375510562,2.7038804680504227,3.278325433718716,2.6793711923305814,457
2018-06-15_16-18-45,avg_hardpan,1.25,45.0,4.0,7.0,0.0,45.0,0.0,10.0,0.0,2.757625461843567,3.015206594505951,3.5935522180629764,2.9910917207589462,458
2018-06-15_16-18-45,avg_hardpan,1.25,45.0,4.0,7.0,1.0,0.0,0.0,10.0,0.0,2.635742871254023,2.9010015703872902,3.482496739278448,2.8784403184149325,459
2018-06-15_16-18-45,avg_hardpan,1.25,45.0,4.0,7.0,1.0,45.0,0.0,10.0,0.0,2.654731100522828,2.917343244534923,3.4923633518873243,2.89270985187217,460
2018-06-15_16-18-45,avg_hardpan,1.25,45.0,4.0,15.0,0.0,0.0,0.0,10.0,0.0,3.2508335345729704,3.65698130678312,4.24308669729354,3.5500468888458663,461
2018-06-15_16-18-45,avg_hardpan,1.25,45.0,4.0,15.0,0.0,45.0,0.0,10.0,0.0,3.4780654180326698,3.8532307820146063,4.423307750978204,3.751728209740734,462
2018-06-15_16-18-45,avg_hardpan,1.25,45.0,4.0,15.0,1.0,0.0,0.0,10.0,0.0,3.3965175371821408,3.7852809164351915,4.368799455032967,3.683519030980978,463
2018-06-15_16-18-45,avg_hardpan,1.25,45.0,4.0,15.0,1.0,45.0,0.0,10.0,0.0,3.40893216242951,3.79397701026597,4.367861327219004,3.690406415507861,464
2018-06-15_16-18-45,avg_hardpan,1.25,45.0,10.0,2.0,0.0,0.0,0.0,10.0,0.0,3.0014728711198626,3.177118253294112,3.690029540261516,3.197664561055291,465
2018-06-15_16-18-45,avg_hardpan,1.25,45.0,10.0,2.0,0.0,45.0,0.0,10.0,0.0,3.5132238588712985,3.6806148803252055,4.221378699852507,3.7036464559629336,466
2018-06-15_16-18-45,avg_hardpan,1.25,45.0,10.0,2.0,1.0,0.0,0.0,10.0,0.0,3.3074079997840427,3.479482956702625,4.0098952758779705,3.5028123990001636,467
2018-06-15_16-18-45,avg_hardpan,1.25,45.0,10.0,2.0,1.0,45.0,0.0,10.0,0.0,3.3378602528375323,3.5081397707723014,4.035495462952629,3.5296520929630057,468
2018-06-15_16-18-45,avg_hardpan,1.25,45.0,10.0,6.0,0.0,0.0,0.0,10.0,0.0,3.4954589794383115,3.75602508192668,4.313527580864095,3.7373995110816582,469
2018-06-15_16-18-45,avg_hardpan,1.25,45.0,10.0,6.0,0.0,45.0,0.0,10.0,0.0,3.9551296392618567,4.193668835361119,4.756414859525607,4.179582893865078,470
2018-06-15_16-18-45,avg_hardpan,1.25,45.0,10.0,6.0,1.0,0.0,0.0,10.0,0.0,3.77390989083482,4.023435138470807,4.587947010448847,4.008914026631781,471
2018-06-15_16-18-45,avg_hardpan,1.25,45.0,10.0,6.0,1.0,45.0,0.0,10.0,0.0,3.8001189496488013,4.046867568647873,4.605420235792659,4.030442751310615,472
2018-06-15_16-18-45,avg_hardpan,1.25,45.0,10.0,7.0,0.0,0.0,0.0,10.0,0.0,3.617089020243241,3.897269120908138,4.461885298536814,3.8684125619992615,473
2018-06-15_16-18-45,avg_hardpan,1.25,45.0,10.0,7.0,0.0,45.0,0.0,10.0,0.0,4.058392742208774,4.313854112737055,4.8799985200756035,4.290189485305927,474
2018-06-15_16-18-45,avg_hardpan,1.25,45.0,10.0,7.0,1.0,0.0,0.0,10.0,0.0,3.885205365320069,4.152969229370601,4.7228300677375845,4.128585991384346,475
2018-06-15_16-18-45,avg_hardpan,1.25,45.0,10.0,7.0,1.0,45.0,0.0,10.0,0.0,3.910098911070104,4.175199549466788,4.7383631348856285,4.148768599971898,476
2018-06-15_16-18-45,avg_hardpan,1.25,45.0,10.0,15.0,0.0,0.0,0.0,10.0,0.0,4.539260740474858,4.956786967758672,5.527079984398081,4.843093876307327,477
2018-06-15_16-18-45,avg_hardpan,1.25,45.0,10.0,15.0,0.0,45.0,0.0,10.0,0.0,4.827840954282341,5.208130415654353,5.767166082921432,5.104669341296739,478
2018-06-15_16-18-45,avg_hardpan,1.25,45.0,10.0,15.0,1.0,0.0,0.0,10.0,0.0,4.720531428114124,5.117456182692156,5.6881930643089875,5.011755550466421,479
2018-06-15_16-18-45,avg_hardpan,1.25,45.0,10.0,15.0,1.0,45.0,0.0,10.0,0.0,4.73594432054909,5.128927094122571,5.6902731049591795,5.021566506747228,480
2018-06-15_16-18-45,avg_hardpan,1.25,45.0,14.0,2.0,0.0,0.0,0.0,10.0,0.0,3.7332597136996095,3.910236124052632,4.417644349250415,3.929215604703221,481
2018-06-15_16-18-45,avg_hardpan,1.25,45.0,14.0,2.0,0.0,45.0,0.0,10.0,0.0,4.3506021203433685,4.513912406305662,5.043594514957363,4.537416234165934,482
2018-06-15_16-18-45,avg_hardpan,1.25,45.0,14.0,2.0,1.0,0.0,0.0,10.0,0.0,4.0926254664369575,4.263562493343101,4.78398980766002,4.286068580842943,483
2018-06-15_16-18-45,avg_hardpan,1.25,45.0,14.0,2.0,1.0,45.0,0.0,10.0,0.0,4.128612997297458,4.2976099694784065,4.814872460912119,4.318377303514481,484
2018-06-15_16-18-45,avg_hardpan,1.25,45.0,14.0,6.0,0.0,0.0,0.0,10.0,0.0,4.259816188399195,4.5250596343646805,5.078732671054057,4.503529636935643,485
2018-06-15_16-18-45,avg_hardpan,1.25,45.0,14.0,6.0,0.0,45.0,0.0,10.0,0.0,4.792215747677485,5.029059357775126,5.586668856683871,5.015406221697228,486
2018-06-15_16-18-45,avg_hardpan,1.25,45.0,14.0,6.0,1.0,0.0,0.0,10.0,0.0,4.575965867142751,4.827257422333831,5.387189438767731,4.811533340470501,487
2018-06-15_16-18-45,avg_hardpan,1.25,45.0,14.0,6.0,1.0,45.0,0.0,10.0,0.0,4.605908126431649,4.8536712388716365,5.407828497996137,4.836502959184061,488
2018-06-15_16-18-45,avg_hardpan,1.25,45.0,14.0,7.0,0.0,0.0,0.0,10.0,0.0,4.391219585976748,4.676010864345979,5.235822162221496,4.6442480284477305,489
2018-06-15_16-18-45,avg_hardpan,1.25,45.0,14.0,7.0,0.0,45.0,0.0,10.0,0.0,4.897882739433332,5.152319223189013,5.712806877439707,5.1288494420567385,490
2018-06-15_16-18-45,avg_hardpan,1.25,45.0,14.0,7.0,1.0,0.0,0.0,10.0,0.0,4.6930450873800424,4.963649442858415,5.527746363848288,4.937569492850519,491
2018-06-15_16-18-45,avg_hardpan,1.25,45.0,14.0,7.0,1.0,45.0,0.0,10.0,0.0,4.721841441182363,4.988809623702792,5.546687884174218,4.961118281966137,492
2018-06-15_16-18-45,avg_hardpan,1.25,45.0,14.0,15.0,0.0,0.0,0.0,10.0,0.0,5.36719640884994,5.7906530159221585,6.353337122438783,5.673216411724906,493
2018-06-15_16-18-45,avg_hardpan,1.25,45.0,14.0,15.0,0.0,45.0,0.0,10.0,0.0,5.689772342200985,6.0722957843352985,6.626492749709523,5.967922105099232,494
2018-06-15_16-18-45,avg_hardpan,1.25,45.0,14.0,15.0,1.0,0.0,0.0,10.0,0.0,5.567424723032677,5.968580910456545,6.533369726252902,5.8606633532620025,495
2018-06-15_16-18-45,avg_hardpan,1.25,45.0,14.0,15.0,1.0,45.0,0.0,10.0,0.0,5.584460010402315,5.981550786353862,6.537083717676843,5.872068747144788,496
2018-06-15_16-18-45,avg_hardpan,1.25,45.0,21.0,2.0,0.0,0.0,0.0,10.0,0.0,4.991517509254666,5.169047723488728,5.68570829595124,5.1890037907165585,497
2018-06-15_16-18-45,avg_hardpan,1.25,45.0,21.0,2.0,0.0,45.0,0.0,10.0,0.0,5.769876445706391,5.920325490768566,6.459073454068988,5.952013031548816,498
2018-06-15_16-18-45,avg_hardpan,1.25,45.0,21.0,2.0,1.0,0.0,0.0,10.0,0.0,5.426128689604219,5.5964807091663005,6.124562042704719,5.6208143308112515,499
2018-06-15_16-18-45,avg_hardpan,1.25,45.0,21.0,2.0,1.0,45.0,0.0,10.0,0.0,5.468619438339768,5.638250932513278,6.1614791127984905,5.660330410468936,500
2018-06-15_16-18-45,avg_hardpan,1.25,45.0,21.0,6.0,0.0,0.0,0.0,10.0,0.0,5.5857747996907285,5.856015872951763,6.404132409098468,5.831235341027787,501
2018-06-15_16-18-45,avg_hardpan,1.25,45.0,21.0,6.0,0.0,45.0,0.0,10.0,0.0,6.230273667182938,6.46339148980275,7.012882484432316,6.451029654310077,502
2018-06-15_16-18-45,avg_hardpan,1.25,45.0,21.0,6.0,1.0,0.0,0.0,10.0,0.0,5.957979765581921,6.210961009608287,6.7639794189599085,6.193906570611326,503
2018-06-15_16-18-45,avg_hardpan,1.25,45.0,21.0,6.0,1.0,45.0,0.0,10.0,0.0,5.993189167447298,6.2428658820690135,6.789686462229889,6.2241656072634655,504
2018-06-15_16-18-45,avg_hardpan,1.25,45.0,21.0,7.0,0.0,0.0,0.0,10.0,0.0,5.726749464125409,6.017849553921522,6.571629601865555,5.982029547653641,505
2018-06-15_16-18-45,avg_hardpan,1.25,45.0,21.0,7.0,0.0,45.0,0.0,10.0,0.0,6.3360366089283415,6.587344385939101,7.140507819471919,6.564989361320336,506
2018-06-15_16-18-45,avg_hardpan,1.25,45.0,21.0,7.0,1.0,0.0,0.0,10.0,0.0,6.0813200089148625,6.353446951380332,6.911447897314107,6.326082761204662,507
2018-06-15_16-18-45,avg_hardpan,1.25,45.0,21.0,7.0,1.0,45.0,0.0,10.0,0.0,6.114389657399874,6.382972220768245,6.934360363153349,6.354014393121513,508
2018-06-15_16-18-45,avg_hardpan,1.25,45.0,21.0,15.0,0.0,0.0,0.0,10.0,0.0,6.781053490349487,7.214229600099636,7.765716040666004,7.0905456769409865,509
2018-06-15_16-18-45,avg_hardpan,1.25,45.0,21.0,15.0,0.0,45.0,0.0,10.0,0.0,7.1543799299145485,7.541127358535576,8.088418349416523,7.434808113061933,510
2018-06-15_16-18-45,avg_hardpan,1.25,45.0,21.0,15.0,1.0,0.0,0.0,10.0,0.0,7.008628827721629,7.41718999679069,7.973394310264688,7.3052286842173375,511
2018-06-15_16-18-45,avg_hardpan,1.25,45.0,21.0,15.0,1.0,45.0,0.0,10.0,0.0,7.028028848531803,7.43233410341933,7.9794036816502,7.318938964117299,512
