name,RED,GREEN,BLUE,CLEAR
"2018-06-05_11-26-57\bottom_dummyR.bot,\depth_1.25\chl_5.0\cdom_5.0\mineral_1.0\cloud_0.0\suntheta_0.0\windspeed_0.0\temp_10.0\salinity_0.0",1.3526464761566641,1.2315654825255522,1.3018685602355957,1.2763931207539028
"2018-06-05_11-26-57\bottom_dummyR.bot,\depth_1.25\chl_5.0\cdom_5.0\mineral_1.0\cloud_0.0\suntheta_45.0\windspeed_0.0\temp_10.0\salinity_0.0",1.6141865721224957,1.465513617201109,1.5395779250375192,1.51948565926525
"2018-06-05_11-26-57\bottom_dummyR.bot,\depth_1.25\chl_5.0\cdom_5.0\mineral_1.0\cloud_1.0\suntheta_0.0\windspeed_0.0\temp_10.0\salinity_0.0",1.5224349380234896,1.3839555587981807,1.4552872472237213,1.4343573571616874
"2018-06-05_11-26-57\bottom_dummyR.bot,\depth_1.25\chl_5.0\cdom_5.0\mineral_1.0\cloud_1.0\suntheta_45.0\windspeed_0.0\temp_10.0\salinity_0.0",1.5404577830032375,1.3997594372166493,1.4718266662349289,1.4508489273026033
"2018-06-05_11-26-57\bottom_dummyR.bot,\depth_1.25\chl_5.0\cdom_5.0\mineral_10.0\cloud_0.0\suntheta_0.0\windspeed_0.0\temp_10.0\salinity_0.0",2.182880839759041,2.2692854198826096,2.5548803934097406,2.2976491656854936
"2018-06-05_11-26-57\bottom_dummyR.bot,\depth_1.25\chl_5.0\cdom_5.0\mineral_10.0\cloud_0.0\suntheta_45.0\windspeed_0.0\temp_10.0\salinity_0.0",2.518827128715354,2.5863634978910617,2.8788825485562133,2.621182276720304
"2018-06-05_11-26-57\bottom_dummyR.bot,\depth_1.25\chl_5.0\cdom_5.0\mineral_10.0\cloud_1.0\suntheta_0.0\windspeed_0.0\temp_10.0\salinity_0.0",2.4008782521605676,2.4756353885955873,2.7664018915605024,2.5094430976923876
"2018-06-05_11-26-57\bottom_dummyR.bot,\depth_1.25\chl_5.0\cdom_5.0\mineral_10.0\cloud_1.0\suntheta_45.0\windspeed_0.0\temp_10.0\salinity_0.0",2.4208948042188254,2.4942009983736626,2.7835582092108493,2.5267599967109393
"2018-06-05_11-26-57\bottom_dummyR.bot,\depth_1.25\chl_5.0\cdom_15.0\mineral_1.0\cloud_0.0\suntheta_0.0\windspeed_0.0\temp_10.0\salinity_0.0",3.1709438463661086,3.0594527452133957,3.1368650947699215,3.103349233025055
"2018-06-05_11-26-57\bottom_dummyR.bot,\depth_1.25\chl_5.0\cdom_15.0\mineral_1.0\cloud_0.0\suntheta_45.0\windspeed_0.0\temp_10.0\salinity_0.0",3.763232884005862,3.6131254154197068,3.681751271161085,3.666026607293134
"2018-06-05_11-26-57\bottom_dummyR.bot,\depth_1.25\chl_5.0\cdom_15.0\mineral_1.0\cloud_1.0\suntheta_0.0\windspeed_0.0\temp_10.0\salinity_0.0",3.5349607583314517,3.4012597962327153,3.4717085423136065,3.450021564565373
"2018-06-05_11-26-57\bottom_dummyR.bot,\depth_1.25\chl_5.0\cdom_15.0\mineral_1.0\cloud_1.0\suntheta_45.0\windspeed_0.0\temp_10.0\salinity_0.0",3.5726428800253403,3.4367216375098066,3.5076612079055685,3.4860979113910555
"2018-06-05_11-26-57\bottom_dummyR.bot,\depth_1.25\chl_5.0\cdom_15.0\mineral_10.0\cloud_0.0\suntheta_0.0\windspeed_0.0\temp_10.0\salinity_0.0",4.20412626851026,4.320572319388587,4.605149738249822,4.33727764493176
"2018-06-05_11-26-57\bottom_dummyR.bot,\depth_1.25\chl_5.0\cdom_15.0\mineral_10.0\cloud_0.0\suntheta_45.0\windspeed_0.0\temp_10.0\salinity_0.0",4.764175553586512,4.843520702146498,5.121560071442837,4.870595420669446
"2018-06-05_11-26-57\bottom_dummyR.bot,\depth_1.25\chl_5.0\cdom_15.0\mineral_10.0\cloud_1.0\suntheta_0.0\windspeed_0.0\temp_10.0\salinity_0.0",4.554200201030769,4.649210801960238,4.930757612399011,4.673359927394372
"2018-06-05_11-26-57\bottom_dummyR.bot,\depth_1.25\chl_5.0\cdom_15.0\mineral_10.0\cloud_1.0\suntheta_45.0\windspeed_0.0\temp_10.0\salinity_0.0",4.586629801798227,4.679611224658962,4.959175883598472,4.702568382919646
"2018-06-05_11-26-57\bottom_dummyR.bot,\depth_1.25\chl_50.0\cdom_5.0\mineral_1.0\cloud_0.0\suntheta_0.0\windspeed_0.0\temp_10.0\salinity_0.0",2.0641785461266067,2.2613804625510547,2.8400084541697193,2.301763554839264
"2018-06-05_11-26-57\bottom_dummyR.bot,\depth_1.25\chl_50.0\cdom_5.0\mineral_1.0\cloud_0.0\suntheta_45.0\windspeed_0.0\temp_10.0\salinity_0.0",2.4556190923150756,2.6613137326387526,3.3003731923634185,2.702347394651072
"2018-06-05_11-26-57\bottom_dummyR.bot,\depth_1.25\chl_50.0\cdom_5.0\mineral_1.0\cloud_1.0\suntheta_0.0\windspeed_0.0\temp_10.0\salinity_0.0",2.3142211113456663,2.517247052158364,3.134196009063973,2.560217509137257
"2018-06-05_11-26-57\bottom_dummyR.bot,\depth_1.25\chl_50.0\cdom_5.0\mineral_1.0\cloud_1.0\suntheta_45.0\windspeed_0.0\temp_10.0\salinity_0.0",2.338929373737709,2.5408481549023763,3.1571147091331304,2.5814756892171293
"2018-06-05_11-26-57\bottom_dummyR.bot,\depth_1.25\chl_50.0\cdom_5.0\mineral_10.0\cloud_0.0\suntheta_0.0\windspeed_0.0\temp_10.0\salinity_0.0",2.956988184723146,3.3494549549572823,4.0665279545887385,3.317041509925113
"2018-06-05_11-26-57\bottom_dummyR.bot,\depth_1.25\chl_50.0\cdom_5.0\mineral_10.0\cloud_0.0\suntheta_45.0\windspeed_0.0\temp_10.0\salinity_0.0",3.382507290242079,3.766125970643855,4.501390613565464,3.731738991386726
"2018-06-05_11-26-57\bottom_dummyR.bot,\depth_1.25\chl_50.0\cdom_5.0\mineral_10.0\cloud_1.0\suntheta_0.0\windspeed_0.0\temp_10.0\salinity_0.0",3.2292308654709165,3.6177731423002033,4.351804874254599,3.5868660322518573
"2018-06-05_11-26-57\bottom_dummyR.bot,\depth_1.25\chl_50.0\cdom_5.0\mineral_10.0\cloud_1.0\suntheta_45.0\windspeed_0.0\temp_10.0\salinity_0.0",3.2539638099789516,3.640031331694102,4.367179238150688,3.605883645928093
"2018-06-05_11-26-57\bottom_dummyR.bot,\depth_1.25\chl_50.0\cdom_15.0\mineral_1.0\cloud_0.0\suntheta_0.0\windspeed_0.0\temp_10.0\salinity_0.0",3.8753307784226094,4.07641382014019,4.652243762246162,4.114601966246638
"2018-06-05_11-26-57\bottom_dummyR.bot,\depth_1.25\chl_50.0\cdom_15.0\mineral_1.0\cloud_0.0\suntheta_45.0\windspeed_0.0\temp_10.0\salinity_0.0",4.588956230296318,4.7865114342175055,5.410126069571149,4.828901572000213
"2018-06-05_11-26-57\bottom_dummyR.bot,\depth_1.25\chl_50.0\cdom_15.0\mineral_1.0\cloud_1.0\suntheta_0.0\windspeed_0.0\temp_10.0\salinity_0.0",4.30661895930827,4.506427815002924,5.110158630456568,4.548906261316551
"2018-06-05_11-26-57\bottom_dummyR.bot,\depth_1.25\chl_50.0\cdom_15.0\mineral_1.0\cloud_1.0\suntheta_45.0\windspeed_0.0\temp_10.0\salinity_0.0",4.3498377557223415,4.548238750452544,5.150745219636261,4.588468668052638
"2018-06-05_11-26-57\bottom_dummyR.bot,\depth_1.25\chl_50.0\cdom_15.0\mineral_10.0\cloud_0.0\suntheta_0.0\windspeed_0.0\temp_10.0\salinity_0.0",4.940036826492759,5.345547246781407,6.04729402023627,5.305670614802353
"2018-06-05_11-26-57\bottom_dummyR.bot,\depth_1.25\chl_50.0\cdom_15.0\mineral_10.0\cloud_0.0\suntheta_45.0\windspeed_0.0\temp_10.0\salinity_0.0",5.572608451358377,5.952523177547642,6.666548019780348,5.918486103664162
"2018-06-05_11-26-57\bottom_dummyR.bot,\depth_1.25\chl_50.0\cdom_15.0\mineral_10.0\cloud_1.0\suntheta_0.0\windspeed_0.0\temp_10.0\salinity_0.0",5.3313179390169765,5.723742697467633,6.438187593798666,5.689729500007389
"2018-06-05_11-26-57\bottom_dummyR.bot,\depth_1.25\chl_50.0\cdom_15.0\mineral_10.0\cloud_1.0\suntheta_45.0\windspeed_0.0\temp_10.0\salinity_0.0",5.367247440904007,5.756569839114587,6.463939243341509,5.719621358087767
2018-06-05_11-26-57\bottom_avg_clean_seagrass.txt\depth_1.25\chl_5.0\cdom_5.0\mineral_1.0\cloud_0.0\suntheta_0.0\windspeed_0.0\temp_10.0\salinity_0.0,1.3526464761566641,1.2315654825255522,1.3018685602355957,1.2763931207539028
2018-06-05_11-26-57\bottom_avg_clean_seagrass.txt\depth_1.25\chl_5.0\cdom_5.0\mineral_1.0\cloud_0.0\suntheta_45.0\windspeed_0.0\temp_10.0\salinity_0.0,1.6141865721224957,1.465513617201109,1.5395779250375192,1.51948565926525
2018-06-05_11-26-57\bottom_avg_clean_seagrass.txt\depth_1.25\chl_5.0\cdom_5.0\mineral_1.0\cloud_1.0\suntheta_0.0\windspeed_0.0\temp_10.0\salinity_0.0,1.5224349380234896,1.3839555587981807,1.4552872472237213,1.4343573571616874
2018-06-05_11-26-57\bottom_avg_clean_seagrass.txt\depth_1.25\chl_5.0\cdom_5.0\mineral_1.0\cloud_1.0\suntheta_45.0\windspeed_0.0\temp_10.0\salinity_0.0,1.5404577830032375,1.3997594372166493,1.4718266662349289,1.4508489273026033
2018-06-05_11-26-57\bottom_avg_clean_seagrass.txt\depth_1.25\chl_5.0\cdom_5.0\mineral_10.0\cloud_0.0\suntheta_0.0\windspeed_0.0\temp_10.0\salinity_0.0,2.182880839759041,2.2692854198826096,2.5548803934097406,2.2976491656854936
2018-06-05_11-26-57\bottom_avg_clean_seagrass.txt\depth_1.25\chl_5.0\cdom_5.0\mineral_10.0\cloud_0.0\suntheta_45.0\windspeed_0.0\temp_10.0\salinity_0.0,2.518827128715354,2.5863634978910617,2.8788825485562133,2.621182276720304
2018-06-05_11-26-57\bottom_avg_clean_seagrass.txt\depth_1.25\chl_5.0\cdom_5.0\mineral_10.0\cloud_1.0\suntheta_0.0\windspeed_0.0\temp_10.0\salinity_0.0,2.4008782521605676,2.4756353885955873,2.7664018915605024,2.5094430976923876
2018-06-05_11-26-57\bottom_avg_clean_seagrass.txt\depth_1.25\chl_5.0\cdom_5.0\mineral_10.0\cloud_1.0\suntheta_45.0\windspeed_0.0\temp_10.0\salinity_0.0,2.4208948042188254,2.4942009983736626,2.7835582092108493,2.5267599967109393
2018-06-05_11-26-57\bottom_avg_clean_seagrass.txt\depth_1.25\chl_5.0\cdom_15.0\mineral_1.0\cloud_0.0\suntheta_0.0\windspeed_0.0\temp_10.0\salinity_0.0,3.1709438463661086,3.0594527452133957,3.1368650947699215,3.103349233025055
2018-06-05_11-26-57\bottom_avg_clean_seagrass.txt\depth_1.25\chl_5.0\cdom_15.0\mineral_1.0\cloud_0.0\suntheta_45.0\windspeed_0.0\temp_10.0\salinity_0.0,3.763232884005862,3.6131254154197068,3.681751271161085,3.666026607293134
2018-06-05_11-26-57\bottom_avg_clean_seagrass.txt\depth_1.25\chl_5.0\cdom_15.0\mineral_1.0\cloud_1.0\suntheta_0.0\windspeed_0.0\temp_10.0\salinity_0.0,3.5349607583314517,3.4012597962327153,3.4717085423136065,3.450021564565373
2018-06-05_11-26-57\bottom_avg_clean_seagrass.txt\depth_1.25\chl_5.0\cdom_15.0\mineral_1.0\cloud_1.0\suntheta_45.0\windspeed_0.0\temp_10.0\salinity_0.0,3.5726428800253403,3.4367216375098066,3.5076612079055685,3.4860979113910555
2018-06-05_11-26-57\bottom_avg_clean_seagrass.txt\depth_1.25\chl_5.0\cdom_15.0\mineral_10.0\cloud_0.0\suntheta_0.0\windspeed_0.0\temp_10.0\salinity_0.0,4.20412626851026,4.320572319388587,4.605149738249822,4.33727764493176
2018-06-05_11-26-57\bottom_avg_clean_seagrass.txt\depth_1.25\chl_5.0\cdom_15.0\mineral_10.0\cloud_0.0\suntheta_45.0\windspeed_0.0\temp_10.0\salinity_0.0,4.764175553586512,4.843520702146498,5.121560071442837,4.870595420669446
2018-06-05_11-26-57\bottom_avg_clean_seagrass.txt\depth_1.25\chl_5.0\cdom_15.0\mineral_10.0\cloud_1.0\suntheta_0.0\windspeed_0.0\temp_10.0\salinity_0.0,4.554200201030769,4.649210801960238,4.930757612399011,4.673359927394372
2018-06-05_11-26-57\bottom_avg_clean_seagrass.txt\depth_1.25\chl_5.0\cdom_15.0\mineral_10.0\cloud_1.0\suntheta_45.0\windspeed_0.0\temp_10.0\salinity_0.0,4.586629801798227,4.679611224658962,4.959175883598472,4.702568382919646
2018-06-05_11-26-57\bottom_avg_clean_seagrass.txt\depth_1.25\chl_50.0\cdom_5.0\mineral_1.0\cloud_0.0\suntheta_0.0\windspeed_0.0\temp_10.0\salinity_0.0,2.0641785461266067,2.2613804625510547,2.8400084541697193,2.301763554839264
2018-06-05_11-26-57\bottom_avg_clean_seagrass.txt\depth_1.25\chl_50.0\cdom_5.0\mineral_1.0\cloud_0.0\suntheta_45.0\windspeed_0.0\temp_10.0\salinity_0.0,2.4556190923150756,2.6613137326387526,3.3003731923634185,2.702347394651072
2018-06-05_11-26-57\bottom_avg_clean_seagrass.txt\depth_1.25\chl_50.0\cdom_5.0\mineral_1.0\cloud_1.0\suntheta_0.0\windspeed_0.0\temp_10.0\salinity_0.0,2.3142211113456663,2.517247052158364,3.134196009063973,2.560217509137257
2018-06-05_11-26-57\bottom_avg_clean_seagrass.txt\depth_1.25\chl_50.0\cdom_5.0\mineral_1.0\cloud_1.0\suntheta_45.0\windspeed_0.0\temp_10.0\salinity_0.0,2.338929373737709,2.5408481549023763,3.1571147091331304,2.5814756892171293
2018-06-05_11-26-57\bottom_avg_clean_seagrass.txt\depth_1.25\chl_50.0\cdom_5.0\mineral_10.0\cloud_0.0\suntheta_0.0\windspeed_0.0\temp_10.0\salinity_0.0,2.956988184723146,3.3494549549572823,4.0665279545887385,3.317041509925113
2018-06-05_11-26-57\bottom_avg_clean_seagrass.txt\depth_1.25\chl_50.0\cdom_5.0\mineral_10.0\cloud_0.0\suntheta_45.0\windspeed_0.0\temp_10.0\salinity_0.0,3.382507290242079,3.766125970643855,4.501390613565464,3.731738991386726
2018-06-05_11-26-57\bottom_avg_clean_seagrass.txt\depth_1.25\chl_50.0\cdom_5.0\mineral_10.0\cloud_1.0\suntheta_0.0\windspeed_0.0\temp_10.0\salinity_0.0,3.2292308654709165,3.6177731423002033,4.351804874254599,3.5868660322518573
2018-06-05_11-26-57\bottom_avg_clean_seagrass.txt\depth_1.25\chl_50.0\cdom_5.0\mineral_10.0\cloud_1.0\suntheta_45.0\windspeed_0.0\temp_10.0\salinity_0.0,3.2539638099789516,3.640031331694102,4.367179238150688,3.605883645928093
2018-06-05_11-26-57\bottom_avg_clean_seagrass.txt\depth_1.25\chl_50.0\cdom_15.0\mineral_1.0\cloud_0.0\suntheta_0.0\windspeed_0.0\temp_10.0\salinity_0.0,3.8753307784226094,4.07641382014019,4.652243762246162,4.114601966246638
2018-06-05_11-26-57\bottom_avg_clean_seagrass.txt\depth_1.25\chl_50.0\cdom_15.0\mineral_1.0\cloud_0.0\suntheta_45.0\windspeed_0.0\temp_10.0\salinity_0.0,4.588956230296318,4.7865114342175055,5.410126069571149,4.828901572000213
2018-06-05_11-26-57\bottom_avg_clean_seagrass.txt\depth_1.25\chl_50.0\cdom_15.0\mineral_1.0\cloud_1.0\suntheta_0.0\windspeed_0.0\temp_10.0\salinity_0.0,4.30661895930827,4.506427815002924,5.110158630456568,4.548906261316551
2018-06-05_11-26-57\bottom_avg_clean_seagrass.txt\depth_1.25\chl_50.0\cdom_15.0\mineral_1.0\cloud_1.0\suntheta_45.0\windspeed_0.0\temp_10.0\salinity_0.0,4.3498377557223415,4.548238750452544,5.150745219636261,4.588468668052638
2018-06-05_11-26-57\bottom_avg_clean_seagrass.txt\depth_1.25\chl_50.0\cdom_15.0\mineral_10.0\cloud_0.0\suntheta_0.0\windspeed_0.0\temp_10.0\salinity_0.0,4.940036826492759,5.345547246781407,6.04729402023627,5.305670614802353
2018-06-05_11-26-57\bottom_avg_clean_seagrass.txt\depth_1.25\chl_50.0\cdom_15.0\mineral_10.0\cloud_0.0\suntheta_45.0\windspeed_0.0\temp_10.0\salinity_0.0,5.572608451358377,5.952523177547642,6.666548019780348,5.918486103664162
2018-06-05_11-26-57\bottom_avg_clean_seagrass.txt\depth_1.25\chl_50.0\cdom_15.0\mineral_10.0\cloud_1.0\suntheta_0.0\windspeed_0.0\temp_10.0\salinity_0.0,5.3313179390169765,5.723742697467633,6.438187593798666,5.689729500007389
2018-06-05_11-26-57\bottom_avg_clean_seagrass.txt\depth_1.25\chl_50.0\cdom_15.0\mineral_10.0\cloud_1.0\suntheta_45.0\windspeed_0.0\temp_10.0\salinity_0.0,5.367247440904007,5.756569839114587,6.463939243341509,5.719621358087767
